

CREATE SEQUENCE ELECTROMOVILIDAD.SQ_GENM_USUARIO MINVALUE 1 MAXVALUE 9999999999999999999999999999 START WITH 2 INCREMENT BY 1;
CREATE SEQUENCE ELECTROMOVILIDAD.SQ_GENM_TIPO_VEH_CONV MINVALUE 1 MAXVALUE 9999999999999999999999999999 START WITH 4 INCREMENT BY 1;
CREATE SEQUENCE ELECTROMOVILIDAD.SQ_GENM_TIPO_VEH_ELEC MINVALUE 1 MAXVALUE 9999999999999999999999999999 START WITH 5 INCREMENT BY 1;
CREATE SEQUENCE ELECTROMOVILIDAD.SQ_GENM_TIPO_TRANSP MINVALUE 1 MAXVALUE 9999999999999999999999999999 START WITH 6 INCREMENT BY 1;
CREATE SEQUENCE ELECTROMOVILIDAD.SQ_GENM_TIPO_COMB MINVALUE 1 MAXVALUE 9999999999999999999999999999 START WITH 5 INCREMENT BY 1;
CREATE SEQUENCE ELECTROMOVILIDAD.SQ_GENM_INSTITUCION MINVALUE 1 MAXVALUE 9999999999999999999999999999 START WITH 1 INCREMENT BY 1;
CREATE SEQUENCE ELECTROMOVILIDAD.SQ_GENM_ESTACION MINVALUE 1 MAXVALUE 9999999999999999999999999999 START WITH 1 INCREMENT BY 1;
CREATE SEQUENCE ELECTROMOVILIDAD.SQ_GENM_RESULTADO MINVALUE 1 MAXVALUE 9999999999999999999999999999 START WITH 1 INCREMENT BY 1;

--===================================================================================================

CREATE TABLE T_MAE_ROL(
ID_ROL NUMBER,
NOMBRE VARCHAR(50),
FLAG_ESTADO VARCHAR2(1) DEFAULT '1',
REG_USUARIO NUMBER,
REG_FECHA DATE DEFAULT SYSDATE,
UPD_USUARIO NUMBER,
UPD_FECHA DATE,
CONSTRAINT ROL_PK PRIMARY KEY (ID_ROL)
);

CREATE TABLE T_GENM_TIPO_VEHICULO_CONV(
ID_TIPO_VEHICULO_CONV NUMBER,
NOMBRE VARCHAR(50),
FLAG_ESTADO VARCHAR2(1) DEFAULT '1',
REG_USUARIO NUMBER,
REG_FECHA DATE DEFAULT SYSDATE,
UPD_USUARIO NUMBER,
UPD_FECHA DATE,
PRIMARY KEY (ID_TIPO_VEHICULO_CONV)
);

CREATE TABLE T_GENM_TIPO_VEHICULO_ELEC(
ID_TIPO_VEHICULO_ELEC NUMBER,
NOMBRE VARCHAR(50),
FLAG_ESTADO VARCHAR2(1) DEFAULT '1',
REG_USUARIO NUMBER,
REG_FECHA DATE DEFAULT SYSDATE,
UPD_USUARIO NUMBER,
UPD_FECHA DATE,
PRIMARY KEY (ID_TIPO_VEHICULO_ELEC)
);

CREATE TABLE T_GENM_MODELO_VEHICULO_ELEC(
ID_MODELO NUMBER,
NOMBRE VARCHAR(50),
FLAG_ESTADO VARCHAR2(1) DEFAULT '1',
REG_USUARIO NUMBER,
REG_FECHA DATE DEFAULT SYSDATE,
UPD_USUARIO NUMBER,
UPD_FECHA DATE,
PRIMARY KEY (ID_MODELO)
);

CREATE TABLE T_GENM_TIPO_TRANSPORTE(
ID_TIPO_TRANSPORTE NUMBER,
NOMBRE VARCHAR(50),
FLAG_ESTADO VARCHAR2(1) DEFAULT '1',
REG_USUARIO NUMBER,
REG_FECHA DATE DEFAULT SYSDATE,
UPD_USUARIO NUMBER,
UPD_FECHA DATE,
PRIMARY KEY (ID_TIPO_TRANSPORTE)
);

CREATE TABLE T_GENM_TIPO_COMBUSTIBLE(
ID_TIPO_COMBUSTIBLE NUMBER,
NOMBRE VARCHAR(50),
FLAG_ESTADO VARCHAR2(1) DEFAULT '1',
REG_USUARIO NUMBER,
REG_FECHA DATE DEFAULT SYSDATE,
UPD_USUARIO NUMBER,
UPD_FECHA DATE,
PRIMARY KEY (ID_TIPO_COMBUSTIBLE)
);

CREATE TABLE T_GENM_TIPO_CARGADOR(
ID_CARGADOR NUMBER,
NOMBRE VARCHAR(50),
FLAG_ESTADO VARCHAR2(1) DEFAULT '1',
REG_USUARIO NUMBER,
REG_FECHA DATE DEFAULT SYSDATE,
UPD_USUARIO NUMBER,
UPD_FECHA DATE,
PRIMARY KEY (ID_CARGADOR)
);

CREATE TABLE T_GENM_CARGADOR_POTENCIA(
ID_POTENCIA NUMBER,
POTENCIA NUMBER,
UNIDAD VARCHAR(150),
ID_CARGADOR NUMBER,
FLAG_ESTADO VARCHAR2(1) DEFAULT '1',
REG_USUARIO NUMBER,
REG_FECHA DATE DEFAULT SYSDATE,
UPD_USUARIO NUMBER,
UPD_FECHA DATE,
PRIMARY KEY (ID_POTENCIA),
FOREIGN KEY (ID_CARGADOR) REFERENCES T_GENM_TIPO_CARGADOR (ID_CARGADOR)
);

CREATE TABLE T_MAE_GENERO(
ID_GENERO NUMBER,
NOMBRE VARCHAR(50),
FLAG_ESTADO VARCHAR2(1) DEFAULT '1',
REG_USUARIO NUMBER,
REG_FECHA DATE DEFAULT SYSDATE,
UPD_USUARIO NUMBER,
UPD_FECHA DATE,
PRIMARY KEY (ID_GENERO)
);

CREATE TABLE T_GENM_USUARIO (
ID_USUARIO NUMBER,
NOMBRES VARCHAR2(250),
ID_GENERO NUMBER,
CORREO VARCHAR2(100),
CONTRASENA VARCHAR2(100),
ID_ROL NUMBER,
ID_INSTITUCION NUMBER DEFAULT 0,
PROPIETARIO VARCHAR2(1) DEFAULT '0', --ADD 3/3/21
FLAG_ESTADO VARCHAR2(1) DEFAULT '1',
REG_USUARIO NUMBER,
REG_FECHA DATE DEFAULT SYSDATE,
UPD_USUARIO NUMBER,
UPD_FECHA DATE,
PRIMARY KEY (ID_USUARIO),
FOREIGN KEY (ID_ROL) REFERENCES T_MAE_ROL (ID_ROL),
FOREIGN KEY (ID_GENERO) REFERENCES T_MAE_GENERO (ID_GENERO)
);

CREATE TABLE T_MAE_CASO (
ID_CASO NUMBER,
NOMBRE VARCHAR2(250),
FLAG_ESTADO VARCHAR2(1) DEFAULT '1',
REG_USUARIO NUMBER,
REG_FECHA DATE DEFAULT SYSDATE,
UPD_USUARIO NUMBER,
UPD_FECHA DATE,
PRIMARY KEY (ID_CASO)
);

CREATE TABLE T_MAE_PARAMETRO (
ID_PARAMETRO NUMBER,
NOMBRE VARCHAR2(250),
FLAG_ESTADO VARCHAR2(1) DEFAULT '1',
REG_USUARIO NUMBER,
REG_FECHA DATE DEFAULT SYSDATE,
UPD_USUARIO NUMBER,
UPD_FECHA DATE,
PRIMARY KEY (ID_PARAMETRO)
);

CREATE TABLE T_GENM_CASO_PARAMETRO (
ID_CASO NUMBER,
ID_PARAMETRO NUMBER,
FLAG_ESTADO VARCHAR2(1) DEFAULT '1',
REG_USUARIO NUMBER,
REG_FECHA DATE DEFAULT SYSDATE,
UPD_USUARIO NUMBER,
UPD_FECHA DATE,
FOREIGN KEY (ID_CASO) REFERENCES T_MAE_CASO (ID_CASO),
PRIMARY KEY (ID_CASO, ID_PARAMETRO)
);

CREATE TABLE T_GENM_FORMULA (
ID_FORMULA NUMBER,
ID_CASO NUMBER,
PARAMETRO NUMBER,
NOMBRE VARCHAR2(250),
COMPORTAMIENTO VARCHAR2(1),
VALOR NUMBER,
FORMULA VARCHAR2(250),
FORMULA_ARMADO VARCHAR2(250),
FLAG_ESTADO VARCHAR2(1) DEFAULT '1',
REG_USUARIO NUMBER,
REG_FECHA DATE DEFAULT SYSDATE,
UPD_USUARIO NUMBER,
UPD_FECHA DATE,
PRIMARY KEY (ID_FORMULA),
FOREIGN KEY (ID_CASO) REFERENCES T_MAE_CASO (ID_CASO)
);

CREATE TABLE T_MAE_FACTOR(
ID_FACTOR NUMBER,
NOMBRE VARCHAR2(100),
SOBRE_NOMBRE VARCHAR2(100),
FLAG_ESTADO VARCHAR2(1) DEFAULT '1',
REG_USUARIO NUMBER,
REG_FECHA DATE DEFAULT SYSDATE,
UPD_USUARIO NUMBER,
UPD_FECHA DATE,
PRIMARY KEY (ID_FACTOR)
);

CREATE TABLE T_MAE_FACTOR_PARAMETRO(
ID_FACTOR NUMBER,
ID_DETALLE NUMBER,
NOMBRE_DETALLE VARCHAR2(100),
ID_PARAMETRO NUMBER,
ORDEN NUMBER,
FLAG_ESTADO VARCHAR2(1) DEFAULT '1',
REG_USUARIO NUMBER,
REG_FECHA DATE DEFAULT SYSDATE,
UPD_USUARIO NUMBER,
UPD_FECHA DATE,
FOREIGN KEY (ID_FACTOR) REFERENCES T_MAE_FACTOR (ID_FACTOR),
FOREIGN KEY (ID_PARAMETRO) REFERENCES T_MAE_PARAMETRO (ID_PARAMETRO),
PRIMARY KEY (ID_FACTOR, ID_DETALLE)
);

CREATE TABLE T_MAE_FACTOR_DATA(
ID_FACTOR NUMBER,
ID_DETALLE NUMBER,
PARAMETROS VARCHAR2(50),
VALORES VARCHAR2(50),
FACTOR NUMBER(32,15),
UNIDAD VARCHAR2(100),
FLAG_ESTADO VARCHAR2(1) DEFAULT '1',
REG_USUARIO NUMBER,
REG_FECHA DATE DEFAULT SYSDATE,
UPD_USUARIO NUMBER,
UPD_FECHA DATE,
FOREIGN KEY (ID_FACTOR) REFERENCES T_MAE_FACTOR (ID_FACTOR),
PRIMARY KEY (ID_FACTOR, ID_DETALLE)
);

CREATE TABLE T_GENM_CASO_FACTOR(
ID_CASO NUMBER,
ID_FACTOR NUMBER,
FLAG_ESTADO VARCHAR2(1) DEFAULT '1',
REG_USUARIO NUMBER,
REG_FECHA DATE DEFAULT SYSDATE,
UPD_USUARIO NUMBER,
UPD_FECHA DATE,
FOREIGN KEY (ID_CASO) REFERENCES T_MAE_CASO (ID_CASO),
FOREIGN KEY (ID_FACTOR) REFERENCES T_MAE_FACTOR (ID_FACTOR),
PRIMARY KEY (ID_CASO, ID_FACTOR)
);

CREATE TABLE T_GENM_INSTITUCION (
ID_INSTITUCION NUMBER,
RUC VARCHAR2(12),
RAZON_SOCIAL VARCHAR2(500),
CORREO VARCHAR2(500),
TELEFONO VARCHAR2(20),
DIRECCION VARCHAR2(500),
FLAG_ESTADO VARCHAR2(1) DEFAULT '1',
ID_USUARIO NUMBER,
REG_USUARIO NUMBER,
REG_FECHA DATE DEFAULT SYSDATE,
UPD_USUARIO NUMBER,
UPD_FECHA DATE,
PRIMARY KEY (ID_INSTITUCION)
);

CREATE TABLE T_MAE_ESTADO_ESTACION(
ID_ESTADO NUMBER,
NOMBRE VARCHAR(50),
FLAG_ESTADO VARCHAR2(1) DEFAULT '1',
REG_USUARIO NUMBER,
REG_FECHA DATE DEFAULT SYSDATE,
UPD_USUARIO NUMBER,
UPD_FECHA DATE,
PRIMARY KEY (ID_ESTADO)
);

CREATE TABLE T_GENM_ESTACION (
ID_ESTACION NUMBER,
DESCRIPCION VARCHAR2(750),
MODELO VARCHAR2(500),
MARCA VARCHAR2(500),
POTENCIA NUMBER,
MODO_CARGA VARCHAR2(500),
TIPO_CARGADOR VARCHAR2(500),
TIPO_CONECTOR VARCHAR2(500),
CANTIDAD_CONECTOR NUMBER,
HORA_DESDE VARCHAR2(100),
HORA_HASTA VARCHAR2(100),
TARIFA_SERVICIO NUMBER,
ID_USUARIO NUMBER,
ID_ESTADO NUMBER,
FLAG_ESTADO VARCHAR2(1) DEFAULT '1',
REG_USUARIO NUMBER,
REG_FECHA DATE DEFAULT SYSDATE,
UPD_USUARIO NUMBER,
UPD_FECHA DATE,
FOREIGN KEY (ID_ESTADO) REFERENCES T_MAE_ESTADO_ESTACION (ID_ESTADO),
FOREIGN KEY (ID_USUARIO) REFERENCES T_GENM_USUARIO (ID_USUARIO),
PRIMARY KEY (ID_ESTACION)
);

CREATE TABLE T_GEND_DOCUMENTO_ESTACION(
ID_DOCUMENTO  NUMBER,
ID_ESTACION   NUMBER,
ARCHIVO_BASE     VARCHAR2(4000),
FLAG_ESTADO      VARCHAR2(1) DEFAULT '1',
REG_USUARIO      NUMBER,
REG_FECHA        DATE DEFAULT SYSDATE,
UPD_USUARIO      NUMBER,
UPD_FECHA        DATE,
FOREIGN KEY (ID_ESTACION) REFERENCES T_GENM_ESTACION (ID_ESTACION),
PRIMARY KEY (ID_ESTACION, ID_DOCUMENTO)
);

CREATE TABLE T_GEND_IMAGEN_ESTACION(
ID_IMAGEN  NUMBER,
ID_ESTACION   NUMBER,
ARCHIVO_BASE     VARCHAR2(4000),
FLAG_ESTADO      VARCHAR2(1) DEFAULT '1',
REG_USUARIO      NUMBER,
REG_FECHA        DATE DEFAULT SYSDATE,
UPD_USUARIO      NUMBER,
UPD_FECHA        DATE,
FOREIGN KEY (ID_ESTACION) REFERENCES T_GENM_ESTACION (ID_ESTACION),
PRIMARY KEY (ID_ESTACION, ID_IMAGEN)
);

CREATE TABLE T_MAE_DEPARTAMENTO(
ID_DEPARTAMENTO NUMBER,
NOMBRE VARCHAR2(100),
FLAG_ESTADO VARCHAR2(1) DEFAULT '1',
REG_USUARIO NUMBER,
REG_FECHA DATE DEFAULT SYSDATE,
UPD_USUARIO NUMBER,
UPD_FECHA DATE,
PRIMARY KEY (ID_DEPARTAMENTO)
);

CREATE TABLE T_GENM_RESULTADO (
ID_RESULTADO NUMBER,
ID_USUARIO NUMBER,
FLAG_ESTADO VARCHAR2(1) DEFAULT '1',
REG_USUARIO NUMBER,
REG_FECHA DATE DEFAULT SYSDATE,
UPD_USUARIO NUMBER,
UPD_FECHA DATE,
FOREIGN KEY (ID_USUARIO)REFERENCES T_GENM_USUARIO (ID_USUARIO),
PRIMARY KEY (ID_RESULTADO, ID_USUARIO)
);

CREATE TABLE T_GEND_LEYENDA (
ID_RESULTADO NUMBER,
ID_USUARIO NUMBER,
ID_DETALLE NUMBER,
NOMBRE_TRANSPORTE VARCHAR2(2000),
FLAG_ESTADO VARCHAR2(1) DEFAULT '1',
REG_USUARIO NUMBER,
REG_FECHA DATE DEFAULT SYSDATE,
UPD_USUARIO NUMBER,
UPD_FECHA DATE,
FOREIGN KEY (ID_RESULTADO, ID_USUARIO)REFERENCES T_GENM_RESULTADO (ID_RESULTADO, ID_USUARIO),
PRIMARY KEY (ID_RESULTADO, ID_USUARIO, ID_DETALLE)
);

CREATE TABLE T_GEND_COSTO_VC (
ID_RESULTADO NUMBER,
ID_USUARIO NUMBER,
ID_DETALLE NUMBER,
CUOTA_INICIAL NUMBER,
INCENTIVO_ECONOMICO NUMBER,
RECAMBIO_BATERIA NUMBER,
SEGURO NUMBER,
ENERGIA NUMBER,
MANTENIMIENTO_CONTINUO number,
CARGA_FINANCIERA number,
CARGA_INSTALACION NUMBER,
REVENTA_VEHICULO NUMBER,
OTROS_TRANSPORTES NUMBER,
MANTENIMIENTO_EXTRAORDINARIO NUMBER,
TOTAL NUMBER,
FLAG_ESTADO VARCHAR2(1) DEFAULT '1',
REG_USUARIO NUMBER,
REG_FECHA DATE DEFAULT SYSDATE,
UPD_USUARIO NUMBER,
UPD_FECHA DATE,
FOREIGN KEY (ID_RESULTADO, ID_USUARIO)REFERENCES T_GENM_RESULTADO (ID_RESULTADO, ID_USUARIO),
PRIMARY KEY (ID_RESULTADO, ID_USUARIO, ID_DETALLE)
);

CREATE TABLE T_GEND_COSTO_VE (
ID_RESULTADO NUMBER,
ID_USUARIO NUMBER,
ID_DETALLE NUMBER,
CUOTA_INICIAL NUMBER,
INCENTIVO_ECONOMICO NUMBER,
RECAMBIO_BATERIA NUMBER,
SEGURO NUMBER,
ENERGIA NUMBER,
MANTENIMIENTO_CONTINUO number,
CARGA_FINANCIERA number,
CARGA_INSTALACION NUMBER,
REVENTA_VEHICULO NUMBER,
OTROS_TRANSPORTES NUMBER,
MANTENIMIENTO_EXTRAORDINARIO NUMBER,
TOTAL NUMBER,
FLAG_ESTADO VARCHAR2(1) DEFAULT '1',
REG_USUARIO NUMBER,
REG_FECHA DATE DEFAULT SYSDATE,
UPD_USUARIO NUMBER,
UPD_FECHA DATE,
FOREIGN KEY (ID_RESULTADO, ID_USUARIO)REFERENCES T_GENM_RESULTADO (ID_RESULTADO, ID_USUARIO),
PRIMARY KEY (ID_RESULTADO, ID_USUARIO, ID_DETALLE)
);

CREATE TABLE T_GEND_CONSUMO_VC (
ID_RESULTADO NUMBER,
ID_USUARIO NUMBER,
ID_DETALLE NUMBER,
VEHICULO_PROPIO_VC NUMBER,
SERVICIO_PUBLICO_1 NUMBER,
SERVICIO_PUBLICO_2 NUMBER,
SERVICIO_PUBLICO_3 NUMBER,
SERVICIO_PUBLICO_4 NUMBER,
TOTAL_PUBLICO NUMBER,
FLAG_ESTADO VARCHAR2(1) DEFAULT '1',
REG_USUARIO NUMBER,
REG_FECHA DATE DEFAULT SYSDATE,
UPD_USUARIO NUMBER,
UPD_FECHA DATE,
FOREIGN KEY (ID_RESULTADO, ID_USUARIO)REFERENCES T_GENM_RESULTADO (ID_RESULTADO, ID_USUARIO),
PRIMARY KEY (ID_RESULTADO, ID_USUARIO, ID_DETALLE)
);

CREATE TABLE T_GEND_CONSUMO_VE (
ID_RESULTADO NUMBER,
ID_USUARIO NUMBER,
ID_DETALLE NUMBER,
VEHICULO_PROPIO_VE NUMBER,
SERVICIO_PUBLICO_1 NUMBER,
SERVICIO_PUBLICO_2 NUMBER,
SERVICIO_PUBLICO_3 NUMBER,
SERVICIO_PUBLICO_4 NUMBER,
TOTAL_PUBLICO NUMBER,
FLAG_ESTADO VARCHAR2(1) DEFAULT '1',
REG_USUARIO NUMBER,
REG_FECHA DATE DEFAULT SYSDATE,
UPD_USUARIO NUMBER,
UPD_FECHA DATE,
FOREIGN KEY (ID_RESULTADO, ID_USUARIO)REFERENCES T_GENM_RESULTADO (ID_RESULTADO, ID_USUARIO),
PRIMARY KEY (ID_RESULTADO, ID_USUARIO, ID_DETALLE)
);

CREATE TABLE T_GEND_EMISIONES_VC (
ID_RESULTADO NUMBER,
ID_USUARIO NUMBER,
ID_DETALLE NUMBER,
FABRICACION_BATERIA_VC NUMBER,
OPERACION_VEHICULO_VC NUMBER,
FABRICACION_VEHICULO_VC NUMBER,
SERVICIO_TRANSPORTE NUMBER,
TOTAL_VC NUMBER,
FLAG_ESTADO VARCHAR2(1) DEFAULT '1',
REG_USUARIO NUMBER,
REG_FECHA DATE DEFAULT SYSDATE,
UPD_USUARIO NUMBER,
UPD_FECHA DATE,
FOREIGN KEY (ID_RESULTADO, ID_USUARIO)REFERENCES T_GENM_RESULTADO (ID_RESULTADO, ID_USUARIO),
PRIMARY KEY (ID_RESULTADO, ID_USUARIO, ID_DETALLE)
);

CREATE TABLE T_GEND_EMISIONES_VE (
ID_RESULTADO NUMBER,
ID_USUARIO NUMBER,
ID_DETALLE NUMBER,
FABRICACION_BATERIA_VE NUMBER,
OPERACION_VEHICULO_VE NUMBER,
FABRICACION_VEHICULO_VE NUMBER,
SERVICIO_TRANSPORTE NUMBER,
TOTAL_VE NUMBER,
FLAG_ESTADO VARCHAR2(1) DEFAULT '1',
REG_USUARIO NUMBER,
REG_FECHA DATE DEFAULT SYSDATE,
UPD_USUARIO NUMBER,
UPD_FECHA DATE,
FOREIGN KEY (ID_RESULTADO, ID_USUARIO)REFERENCES T_GENM_RESULTADO (ID_RESULTADO, ID_USUARIO),
PRIMARY KEY (ID_RESULTADO, ID_USUARIO, ID_DETALLE)
);

CREATE TABLE T_GEND_CONTAMINANTE_LOCAL (
ID_RESULTADO NUMBER,
ID_USUARIO NUMBER,
ID_DETALLE NUMBER,
TOTAL_NOX NUMBER,
TOTAL_CO NUMBER,
TOTAL_PM25 NUMBER,
TOTAL_BC NUMBER,
FLAG_ESTADO VARCHAR2(1) DEFAULT '1',
REG_USUARIO NUMBER,
REG_FECHA DATE DEFAULT SYSDATE,
UPD_USUARIO NUMBER,
UPD_FECHA DATE,
FOREIGN KEY (ID_RESULTADO, ID_USUARIO)REFERENCES T_GENM_RESULTADO (ID_RESULTADO, ID_USUARIO),
PRIMARY KEY (ID_RESULTADO, ID_USUARIO, ID_DETALLE)
);
--===========================================================================

--T_MAE_ROL
INSERT INTO T_MAE_ROL (ID_ROL, NOMBRE, REG_USUARIO) VALUES (1, 'Administrador', 0);
INSERT INTO T_MAE_ROL (ID_ROL, NOMBRE, REG_USUARIO) VALUES (2, 'Especialista', 1);
INSERT INTO T_MAE_ROL (ID_ROL, NOMBRE, REG_USUARIO) VALUES (3, 'Público', 1);

--T_GENM_TIPO_VEHICULO_CONV
INSERT INTO T_GENM_TIPO_VEHICULO_CONV (ID_TIPO_VEHICULO_CONV, NOMBRE, REG_USUARIO) VALUES (1, 'Sedan', 1);
INSERT INTO T_GENM_TIPO_VEHICULO_CONV (ID_TIPO_VEHICULO_CONV, NOMBRE, REG_USUARIO) VALUES (2, 'Station Wagon', 1);
INSERT INTO T_GENM_TIPO_VEHICULO_CONV (ID_TIPO_VEHICULO_CONV, NOMBRE, REG_USUARIO) VALUES (3, 'Moto', 1);
INSERT INTO T_GENM_TIPO_VEHICULO_CONV (ID_TIPO_VEHICULO_CONV, NOMBRE, REG_USUARIO) VALUES (4, 'Mototaxi', 1);

--T_GENM_TIPO_VEHICULO_ELEC
INSERT INTO T_GENM_TIPO_VEHICULO_ELEC (ID_TIPO_VEHICULO_ELEC, NOMBRE, REG_USUARIO) VALUES (1, 'Automóvil eléctrico', 1);
INSERT INTO T_GENM_TIPO_VEHICULO_ELEC (ID_TIPO_VEHICULO_ELEC, NOMBRE, REG_USUARIO) VALUES (2, 'Moto eléctrica', 1);
INSERT INTO T_GENM_TIPO_VEHICULO_ELEC (ID_TIPO_VEHICULO_ELEC, NOMBRE, REG_USUARIO) VALUES (3, 'Scooter eléctrico', 1);
INSERT INTO T_GENM_TIPO_VEHICULO_ELEC (ID_TIPO_VEHICULO_ELEC, NOMBRE, REG_USUARIO) VALUES (4, 'Bicicleta eléctrica', 1);

--T_GENM_MODELO_VEHICULO_ELEC
INSERT INTO T_GENM_MODELO_VEHICULO_ELEC (ID_MODELO, NOMBRE, REG_USUARIO) VALUES (1, 'Hyundai ioniq', 1);
INSERT INTO T_GENM_MODELO_VEHICULO_ELEC (ID_MODELO, NOMBRE, REG_USUARIO) VALUES (2, 'Tesla Model 3', 1);
INSERT INTO T_GENM_MODELO_VEHICULO_ELEC (ID_MODELO, NOMBRE, REG_USUARIO) VALUES (3, 'Mitsubishi i-Miev', 1);
INSERT INTO T_GENM_MODELO_VEHICULO_ELEC (ID_MODELO, NOMBRE, REG_USUARIO) VALUES (4, 'Peugeot Partner', 1);
INSERT INTO T_GENM_MODELO_VEHICULO_ELEC (ID_MODELO, NOMBRE, REG_USUARIO) VALUES (5, 'GreatWall', 1);

--T_GENM_TIPO_TRANSPORTE
INSERT INTO T_GENM_TIPO_TRANSPORTE (ID_TIPO_TRANSPORTE, NOMBRE, REG_USUARIO) VALUES (1, 'Tren eléctrico', 1);
INSERT INTO T_GENM_TIPO_TRANSPORTE (ID_TIPO_TRANSPORTE, NOMBRE, REG_USUARIO) VALUES (2, 'Metropolitano', 1);
INSERT INTO T_GENM_TIPO_TRANSPORTE (ID_TIPO_TRANSPORTE, NOMBRE, REG_USUARIO) VALUES (3, 'Corredor complementarios', 1);
INSERT INTO T_GENM_TIPO_TRANSPORTE (ID_TIPO_TRANSPORTE, NOMBRE, REG_USUARIO) VALUES (4, 'Rutas alimentadoras', 1);
INSERT INTO T_GENM_TIPO_TRANSPORTE (ID_TIPO_TRANSPORTE, NOMBRE, REG_USUARIO) VALUES (5, 'Coaster', 1);
INSERT INTO T_GENM_TIPO_TRANSPORTE (ID_TIPO_TRANSPORTE, NOMBRE, REG_USUARIO) VALUES (6, 'Combi', 1);
INSERT INTO T_GENM_TIPO_TRANSPORTE (ID_TIPO_TRANSPORTE, NOMBRE, REG_USUARIO) VALUES (7, 'Taxi', 1);
INSERT INTO T_GENM_TIPO_TRANSPORTE (ID_TIPO_TRANSPORTE, NOMBRE, REG_USUARIO) VALUES (8, 'Mototaxi', 1);

--T_GENM_TIPO_COMBUSTIBLE
INSERT INTO T_GENM_TIPO_COMBUSTIBLE (ID_TIPO_COMBUSTIBLE, NOMBRE, REG_USUARIO) VALUES (1, 'Gasolina', 1);
INSERT INTO T_GENM_TIPO_COMBUSTIBLE (ID_TIPO_COMBUSTIBLE, NOMBRE, REG_USUARIO) VALUES (2, 'Diesel', 1);
INSERT INTO T_GENM_TIPO_COMBUSTIBLE (ID_TIPO_COMBUSTIBLE, NOMBRE, REG_USUARIO) VALUES (3, 'GNV', 1);
INSERT INTO T_GENM_TIPO_COMBUSTIBLE (ID_TIPO_COMBUSTIBLE, NOMBRE, REG_USUARIO) VALUES (4, 'GLP', 1);

--T_GENM_TIPO_CARGADOR
INSERT INTO T_GENM_TIPO_CARGADOR (ID_CARGADOR, NOMBRE, REG_USUARIO) VALUES (1, 'WallBox', 1);

--T_GENM_CARGADOR_POTENCIA
INSERT INTO T_GENM_CARGADOR_POTENCIA (ID_POTENCIA, POTENCIA, ID_CARGADOR, REG_USUARIO) VALUES (1, 3.7, 1, 1);
INSERT INTO T_GENM_CARGADOR_POTENCIA (ID_POTENCIA, POTENCIA, ID_CARGADOR, REG_USUARIO) VALUES (2, 7.4, 1, 1);

--T_MAE_GENERO
INSERT INTO T_MAE_GENERO (ID_GENERO, NOMBRE, REG_USUARIO) VALUES (1, 'Masculino', 0);
INSERT INTO T_MAE_GENERO (ID_GENERO, NOMBRE, REG_USUARIO) VALUES (2, 'Femenino', 0);

--T_GENM_USUARIO
INSERT INTO T_GENM_USUARIO (ID_USUARIO, NOMBRES, ID_GENERO, CORREO, CONTRASENA, ID_ROL, REG_USUARIO)
VALUES (1, 'Carlos Galdos', 1, 'carlos@grupo-zuniga.com', 'AK6/N7RQH5kHaUb1RDlVFzBkupiWnfger8B3053UodvdNnMdZqCWYcQs17U2i9Cujw==', 1, 1);

--T_MAE_ESTADO_ESTACION
INSERT INTO T_MAE_ESTADO_ESTACION (ID_ESTADO, NOMBRE, REG_USUARIO) VALUES (1, 'No verificado', 1);
INSERT INTO T_MAE_ESTADO_ESTACION (ID_ESTADO, NOMBRE, REG_USUARIO) VALUES (2, 'Verificado', 1);

--T_MAE_CASO
INSERT INTO T_MAE_CASO (ID_CASO, NOMBRE) VALUES (1, 'Escenario vehículo convencional');
INSERT INTO T_MAE_CASO (ID_CASO, NOMBRE) VALUES (2, 'Escenario comprar vehículo convencional');
INSERT INTO T_MAE_CASO (ID_CASO, NOMBRE) VALUES (3, 'Escenario servicio transporte público');
INSERT INTO T_MAE_CASO (ID_CASO, NOMBRE) VALUES (4, 'Escenario vehículo eléctrico');

--T_MAE_PARAMETRO
INSERT INTO T_MAE_PARAMETRO (ID_PARAMETRO, NOMBRE) VALUES (1, 'Tipo vehículo convencional');
INSERT INTO T_MAE_PARAMETRO (ID_PARAMETRO, NOMBRE) VALUES (2, 'Tipo combustible');
INSERT INTO T_MAE_PARAMETRO (ID_PARAMETRO, NOMBRE) VALUES (3, 'Tipo vehículo eléctrico');
INSERT INTO T_MAE_PARAMETRO (ID_PARAMETRO, NOMBRE) VALUES (4, 'Tipo modelo automóvil');
INSERT INTO T_MAE_PARAMETRO (ID_PARAMETRO, NOMBRE) VALUES (5, 'Tipo cargador');
INSERT INTO T_MAE_PARAMETRO (ID_PARAMETRO, NOMBRE) VALUES (6, 'Cargador Potencia');
INSERT INTO T_MAE_PARAMETRO (ID_PARAMETRO, NOMBRE) VALUES (7, 'Departamento');
INSERT INTO T_MAE_PARAMETRO (ID_PARAMETRO, NOMBRE) VALUES (8, 'Tipo transporte público');

--T_GENM_CASO_PARAMETRO
/*INSERT INTO T_GENM_CASO_PARAMETRO (ID_CASO, ID_PARAMETRO) VALUES (1, 1);
INSERT INTO T_GENM_CASO_PARAMETRO (ID_CASO, ID_PARAMETRO) VALUES (1, 2);
INSERT INTO T_GENM_CASO_PARAMETRO (ID_CASO, ID_PARAMETRO) VALUES (1, 3);
INSERT INTO T_GENM_CASO_PARAMETRO (ID_CASO, ID_PARAMETRO) VALUES (1, 4);*/

--T_GENM_FORMULA
/*INSERT INTO T_GENM_FORMULA (ID_FORMULA, ID_CASO, PARAMETRO, NOMBRE, COMPORTAMIENTO, FORMULA, FORMULA_ARMADO) VALUES (1, 1, 5, 'Poder calórico', '=', '[F1]','[F1]');
INSERT INTO T_GENM_FORMULA (ID_FORMULA, ID_CASO, PARAMETRO, NOMBRE, COMPORTAMIENTO, FORMULA, FORMULA_ARMADO) VALUES (2, 1, 6, 'Consumo energético', '=', '[P5]*[C4]*[P4]','[P5]|*|[C4]|*|[P4]');
INSERT INTO T_GENM_FORMULA (ID_FORMULA, ID_CASO, PARAMETRO, NOMBRE, COMPORTAMIENTO, FORMULA, FORMULA_ARMADO) VALUES (3, 1, 7, 'Emisiones anual', '=', '[P5]*[C4]*[P4]/[C1000]','[P5]|*|[C4]|*|[P4]|/|[C1000]');*/

--T_MAE_FACTOR
INSERT INTO T_MAE_FACTOR (ID_FACTOR, NOMBRE, SOBRE_NOMBRE) VALUES (1, 'Rendimiento vehículo convencional', 'Rendimiento vehículo convencional');
INSERT INTO T_MAE_FACTOR (ID_FACTOR, NOMBRE, SOBRE_NOMBRE) VALUES (2, 'Precio combustible', 'Precio combustible');
INSERT INTO T_MAE_FACTOR (ID_FACTOR, NOMBRE, SOBRE_NOMBRE) VALUES (3, 'Factor de emisión', 'Factor de emisión');
INSERT INTO T_MAE_FACTOR (ID_FACTOR, NOMBRE, SOBRE_NOMBRE) VALUES (4, 'Precio vehículo', 'Precio vehículo');
INSERT INTO T_MAE_FACTOR (ID_FACTOR, NOMBRE, SOBRE_NOMBRE) VALUES (5, 'Rendimiento vehículo eléctrico', 'Rendimiento vehículo eléctrico');
INSERT INTO T_MAE_FACTOR (ID_FACTOR, NOMBRE, SOBRE_NOMBRE) VALUES (6, 'Rendimiento Modelo Automóvil', 'Rendimiento Modelo Automóvil');
INSERT INTO T_MAE_FACTOR (ID_FACTOR, NOMBRE, SOBRE_NOMBRE) VALUES (7, 'Precio vehículo eléctrico', 'Precio vehículo eléctrico');
INSERT INTO T_MAE_FACTOR (ID_FACTOR, NOMBRE, SOBRE_NOMBRE) VALUES (8, 'Precio Modelo Automóvil', 'Precio Modelo Automóvil');
INSERT INTO T_MAE_FACTOR (ID_FACTOR, NOMBRE, SOBRE_NOMBRE) VALUES (9, 'Capacidad batería vehículo eléctrico', 'Precio vehículo eléctrico');
INSERT INTO T_MAE_FACTOR (ID_FACTOR, NOMBRE, SOBRE_NOMBRE) VALUES (10, 'Capacidad batería Modelo Automóvil', 'Precio Modelo Automóvil');
INSERT INTO T_MAE_FACTOR (ID_FACTOR, NOMBRE, SOBRE_NOMBRE) VALUES (11, 'Precio cargador', 'Precio cargador');
INSERT INTO T_MAE_FACTOR (ID_FACTOR, NOMBRE, SOBRE_NOMBRE) VALUES (12, 'Costo instalación', 'Costo instalación');
INSERT INTO T_MAE_FACTOR (ID_FACTOR, NOMBRE, SOBRE_NOMBRE) VALUES (13, 'Tarifa eléctrica', 'Tarifa eléctrica');
INSERT INTO T_MAE_FACTOR (ID_FACTOR, NOMBRE, SOBRE_NOMBRE) VALUES (14, 'Factor emisión servicio público', 'Factor emisión servicio público');
INSERT INTO T_MAE_FACTOR (ID_FACTOR, NOMBRE, SOBRE_NOMBRE) VALUES (15, 'Rendimiento servicio público', 'Rendimiento servicio público');
INSERT INTO T_MAE_FACTOR (ID_FACTOR, NOMBRE, SOBRE_NOMBRE) VALUES (16, 'Rendimiento por pasajero servicio público', 'Rendimiento por pasajero servicio público');
INSERT INTO T_MAE_FACTOR (ID_FACTOR, NOMBRE, SOBRE_NOMBRE) VALUES (17, 'Rendimiento por combustible', 'Rendimiento por combustible');
INSERT INTO T_MAE_FACTOR (ID_FACTOR, NOMBRE, SOBRE_NOMBRE) VALUES (18, 'Vehículo convencial Nox', 'Vehículo convencial Nox');
INSERT INTO T_MAE_FACTOR (ID_FACTOR, NOMBRE, SOBRE_NOMBRE) VALUES (19, 'Vehículo convencial CO', 'Vehículo convencial CO');
INSERT INTO T_MAE_FACTOR (ID_FACTOR, NOMBRE, SOBRE_NOMBRE) VALUES (20, 'Vehículo convencial PM 2.5', 'Vehículo convencial PM 2.5');
INSERT INTO T_MAE_FACTOR (ID_FACTOR, NOMBRE, SOBRE_NOMBRE) VALUES (21, 'Vehículo convencial BC', 'Vehículo convencial BC');
INSERT INTO T_MAE_FACTOR (ID_FACTOR, NOMBRE, SOBRE_NOMBRE) VALUES (22, 'Servicio transporte público Nox', 'Servicio transporte público Nox');
INSERT INTO T_MAE_FACTOR (ID_FACTOR, NOMBRE, SOBRE_NOMBRE) VALUES (23, 'Servicio transporte público CO', 'Servicio transporte público CO');
INSERT INTO T_MAE_FACTOR (ID_FACTOR, NOMBRE, SOBRE_NOMBRE) VALUES (24, 'Servicio transporte público PM 2.5', 'Servicio transporte público PM 2.5');
INSERT INTO T_MAE_FACTOR (ID_FACTOR, NOMBRE, SOBRE_NOMBRE) VALUES (25, 'Servicio transporte público BC', 'Servicio transporte público BC');

--T_MAE_FACTOR_PARAMETRO
INSERT INTO T_MAE_FACTOR_PARAMETRO (ID_FACTOR, ID_DETALLE, NOMBRE_DETALLE, ID_PARAMETRO, ORDEN) VALUES (1, 1, 'Tipo vehículo convencional', 1, 1);
INSERT INTO T_MAE_FACTOR_PARAMETRO (ID_FACTOR, ID_DETALLE, NOMBRE_DETALLE, ID_PARAMETRO, ORDEN) VALUES (1, 2, 'Tipo combustible', 2, 2);
INSERT INTO T_MAE_FACTOR_PARAMETRO (ID_FACTOR, ID_DETALLE, NOMBRE_DETALLE, ID_PARAMETRO, ORDEN) VALUES (2, 1, 'Tipo vehículo convencional', 1, 1);
INSERT INTO T_MAE_FACTOR_PARAMETRO (ID_FACTOR, ID_DETALLE, NOMBRE_DETALLE, ID_PARAMETRO, ORDEN) VALUES (2, 2, 'Tipo combustible', 2, 2);
INSERT INTO T_MAE_FACTOR_PARAMETRO (ID_FACTOR, ID_DETALLE, NOMBRE_DETALLE, ID_PARAMETRO, ORDEN) VALUES (2, 3, 'Departamento', 7, 3);
INSERT INTO T_MAE_FACTOR_PARAMETRO (ID_FACTOR, ID_DETALLE, NOMBRE_DETALLE, ID_PARAMETRO, ORDEN) VALUES (3, 1, 'Tipo vehículo convencional', 1, 1);
INSERT INTO T_MAE_FACTOR_PARAMETRO (ID_FACTOR, ID_DETALLE, NOMBRE_DETALLE, ID_PARAMETRO, ORDEN) VALUES (3, 2, 'Tipo combustible', 2, 2);
INSERT INTO T_MAE_FACTOR_PARAMETRO (ID_FACTOR, ID_DETALLE, NOMBRE_DETALLE, ID_PARAMETRO, ORDEN) VALUES (4, 1, 'Tipo vehículo convencional', 1, 1);
INSERT INTO T_MAE_FACTOR_PARAMETRO (ID_FACTOR, ID_DETALLE, NOMBRE_DETALLE, ID_PARAMETRO, ORDEN) VALUES (4, 2, 'Tipo combustible', 2, 2);
INSERT INTO T_MAE_FACTOR_PARAMETRO (ID_FACTOR, ID_DETALLE, NOMBRE_DETALLE, ID_PARAMETRO, ORDEN) VALUES (5, 1, 'Tipo vehículo eléctrico', 1, 1);
INSERT INTO T_MAE_FACTOR_PARAMETRO (ID_FACTOR, ID_DETALLE, NOMBRE_DETALLE, ID_PARAMETRO, ORDEN) VALUES (6, 1, 'Tipo modelo automóvil', 1, 1);
INSERT INTO T_MAE_FACTOR_PARAMETRO (ID_FACTOR, ID_DETALLE, NOMBRE_DETALLE, ID_PARAMETRO, ORDEN) VALUES (7, 1, 'Tipo vehículo eléctrico', 1, 1);
INSERT INTO T_MAE_FACTOR_PARAMETRO (ID_FACTOR, ID_DETALLE, NOMBRE_DETALLE, ID_PARAMETRO, ORDEN) VALUES (8, 1, 'Tipo modelo automóvil', 1, 1);
INSERT INTO T_MAE_FACTOR_PARAMETRO (ID_FACTOR, ID_DETALLE, NOMBRE_DETALLE, ID_PARAMETRO, ORDEN) VALUES (9, 1, 'Tipo vehículo eléctrico', 1, 1);
INSERT INTO T_MAE_FACTOR_PARAMETRO (ID_FACTOR, ID_DETALLE, NOMBRE_DETALLE, ID_PARAMETRO, ORDEN) VALUES (10, 1, 'Tipo modelo automóvil', 1, 1);
INSERT INTO T_MAE_FACTOR_PARAMETRO (ID_FACTOR, ID_DETALLE, NOMBRE_DETALLE, ID_PARAMETRO, ORDEN) VALUES (11, 1, 'Tipo cargador', 5, 1);
INSERT INTO T_MAE_FACTOR_PARAMETRO (ID_FACTOR, ID_DETALLE, NOMBRE_DETALLE, ID_PARAMETRO, ORDEN) VALUES (11, 2, 'Cargador potencia', 6, 2);
INSERT INTO T_MAE_FACTOR_PARAMETRO (ID_FACTOR, ID_DETALLE, NOMBRE_DETALLE, ID_PARAMETRO, ORDEN) VALUES (12, 1, 'Tipo cargador', 5, 1);
INSERT INTO T_MAE_FACTOR_PARAMETRO (ID_FACTOR, ID_DETALLE, NOMBRE_DETALLE, ID_PARAMETRO, ORDEN) VALUES (12, 2, 'Cargador potencia', 6, 2);
INSERT INTO T_MAE_FACTOR_PARAMETRO (ID_FACTOR, ID_DETALLE, NOMBRE_DETALLE, ID_PARAMETRO, ORDEN) VALUES (13, 1, 'Departamento', 7, 1);
INSERT INTO T_MAE_FACTOR_PARAMETRO (ID_FACTOR, ID_DETALLE, NOMBRE_DETALLE, ID_PARAMETRO, ORDEN) VALUES (14, 1, 'Tipo transporte público', 8, 1);
INSERT INTO T_MAE_FACTOR_PARAMETRO (ID_FACTOR, ID_DETALLE, NOMBRE_DETALLE, ID_PARAMETRO, ORDEN) VALUES (15, 1, 'Tipo transporte público', 8, 1);
INSERT INTO T_MAE_FACTOR_PARAMETRO (ID_FACTOR, ID_DETALLE, NOMBRE_DETALLE, ID_PARAMETRO, ORDEN) VALUES (16, 1, 'Tipo transporte público', 8, 1);
INSERT INTO T_MAE_FACTOR_PARAMETRO (ID_FACTOR, ID_DETALLE, NOMBRE_DETALLE, ID_PARAMETRO, ORDEN) VALUES (17, 1, 'Tipo combustible', 2, 1);
INSERT INTO T_MAE_FACTOR_PARAMETRO (ID_FACTOR, ID_DETALLE, NOMBRE_DETALLE, ID_PARAMETRO, ORDEN) VALUES (18, 1, 'Tipo vehículo convencional', 1, 1);
INSERT INTO T_MAE_FACTOR_PARAMETRO (ID_FACTOR, ID_DETALLE, NOMBRE_DETALLE, ID_PARAMETRO, ORDEN) VALUES (18, 2, 'Tipo combustible', 2, 2);
INSERT INTO T_MAE_FACTOR_PARAMETRO (ID_FACTOR, ID_DETALLE, NOMBRE_DETALLE, ID_PARAMETRO, ORDEN) VALUES (19, 1, 'Tipo vehículo convencional', 1, 1);
INSERT INTO T_MAE_FACTOR_PARAMETRO (ID_FACTOR, ID_DETALLE, NOMBRE_DETALLE, ID_PARAMETRO, ORDEN) VALUES (19, 2, 'Tipo combustible', 2, 2);
INSERT INTO T_MAE_FACTOR_PARAMETRO (ID_FACTOR, ID_DETALLE, NOMBRE_DETALLE, ID_PARAMETRO, ORDEN) VALUES (20, 1, 'Tipo vehículo convencional', 1, 1);
INSERT INTO T_MAE_FACTOR_PARAMETRO (ID_FACTOR, ID_DETALLE, NOMBRE_DETALLE, ID_PARAMETRO, ORDEN) VALUES (20, 2, 'Tipo combustible', 2, 2);
INSERT INTO T_MAE_FACTOR_PARAMETRO (ID_FACTOR, ID_DETALLE, NOMBRE_DETALLE, ID_PARAMETRO, ORDEN) VALUES (21, 1, 'Tipo vehículo convencional', 1, 1);
INSERT INTO T_MAE_FACTOR_PARAMETRO (ID_FACTOR, ID_DETALLE, NOMBRE_DETALLE, ID_PARAMETRO, ORDEN) VALUES (21, 2, 'Tipo combustible', 2, 2);
INSERT INTO T_MAE_FACTOR_PARAMETRO (ID_FACTOR, ID_DETALLE, NOMBRE_DETALLE, ID_PARAMETRO, ORDEN) VALUES (22, 1, 'Tipo transporte público', 8, 1);
INSERT INTO T_MAE_FACTOR_PARAMETRO (ID_FACTOR, ID_DETALLE, NOMBRE_DETALLE, ID_PARAMETRO, ORDEN) VALUES (23, 1, 'Tipo transporte público', 8, 1);
INSERT INTO T_MAE_FACTOR_PARAMETRO (ID_FACTOR, ID_DETALLE, NOMBRE_DETALLE, ID_PARAMETRO, ORDEN) VALUES (24, 1, 'Tipo transporte público', 8, 1);
INSERT INTO T_MAE_FACTOR_PARAMETRO (ID_FACTOR, ID_DETALLE, NOMBRE_DETALLE, ID_PARAMETRO, ORDEN) VALUES (25, 1, 'Tipo transporte público', 8, 1);

--T_MAE_FACTOR_DATA
INSERT INTO T_MAE_FACTOR_DATA (ID_FACTOR, ID_DETALLE, PARAMETROS, VALORES, FACTOR, UNIDAD) VALUES (1, 1, '1|2', '1|1', 56.85, 'km/gal');
INSERT INTO T_MAE_FACTOR_DATA (ID_FACTOR, ID_DETALLE, PARAMETROS, VALORES, FACTOR, UNIDAD) VALUES (1, 2, '1|2', '1|2', 72.01, 'km/gal');
INSERT INTO T_MAE_FACTOR_DATA (ID_FACTOR, ID_DETALLE, PARAMETROS, VALORES, FACTOR, UNIDAD) VALUES (1, 3, '1|2', '1|3', 12000, 'km/m3');
INSERT INTO T_MAE_FACTOR_DATA (ID_FACTOR, ID_DETALLE, PARAMETROS, VALORES, FACTOR, UNIDAD) VALUES (1, 4, '1|2', '1|4', 12, 'km/l');
INSERT INTO T_MAE_FACTOR_DATA (ID_FACTOR, ID_DETALLE, PARAMETROS, VALORES, FACTOR, UNIDAD) VALUES (1, 5, '1|2', '2|1', 34.11, 'km/gal');
INSERT INTO T_MAE_FACTOR_DATA (ID_FACTOR, ID_DETALLE, PARAMETROS, VALORES, FACTOR, UNIDAD) VALUES (1, 6, '1|2', '2|2', 43.206, 'km/gal');
INSERT INTO T_MAE_FACTOR_DATA (ID_FACTOR, ID_DETALLE, PARAMETROS, VALORES, FACTOR, UNIDAD) VALUES (1, 7, '1|2', '2|3', 7200, 'km/m3');
INSERT INTO T_MAE_FACTOR_DATA (ID_FACTOR, ID_DETALLE, PARAMETROS, VALORES, FACTOR, UNIDAD) VALUES (1, 8, '1|2', '2|4', 7.2, 'km/l');
INSERT INTO T_MAE_FACTOR_DATA (ID_FACTOR, ID_DETALLE, PARAMETROS, VALORES, FACTOR, UNIDAD) VALUES (1, 9, '1|2', '3|1', 85.275, 'km/gal');
INSERT INTO T_MAE_FACTOR_DATA (ID_FACTOR, ID_DETALLE, PARAMETROS, VALORES, FACTOR, UNIDAD) VALUES (1, 10, '1|2', '3|2', 108.015, 'km/gal');
INSERT INTO T_MAE_FACTOR_DATA (ID_FACTOR, ID_DETALLE, PARAMETROS, VALORES, FACTOR, UNIDAD) VALUES (1, 11, '1|2', '3|3', 18000, 'km/m3');
INSERT INTO T_MAE_FACTOR_DATA (ID_FACTOR, ID_DETALLE, PARAMETROS, VALORES, FACTOR, UNIDAD) VALUES (1, 12, '1|2', '3|4', 18, 'km/l');
INSERT INTO T_MAE_FACTOR_DATA (ID_FACTOR, ID_DETALLE, PARAMETROS, VALORES, FACTOR, UNIDAD) VALUES (1, 13, '1|2', '4|1', 68.22, 'km/gal');
INSERT INTO T_MAE_FACTOR_DATA (ID_FACTOR, ID_DETALLE, PARAMETROS, VALORES, FACTOR, UNIDAD) VALUES (1, 14, '1|2', '4|2', 86.412, 'km/gal');
INSERT INTO T_MAE_FACTOR_DATA (ID_FACTOR, ID_DETALLE, PARAMETROS, VALORES, FACTOR, UNIDAD) VALUES (1, 15, '1|2', '4|3', 14400, 'km/m3');
INSERT INTO T_MAE_FACTOR_DATA (ID_FACTOR, ID_DETALLE, PARAMETROS, VALORES, FACTOR, UNIDAD) VALUES (1, 16, '1|2', '4|4', 14.4, 'km/l');

/*INSERT INTO T_MAE_FACTOR_DATA (ID_FACTOR, ID_DETALLE, PARAMETROS, VALORES, FACTOR, UNIDAD) VALUES (2, 1, '1|2', '1|1', 12.682, 's/gal');
INSERT INTO T_MAE_FACTOR_DATA (ID_FACTOR, ID_DETALLE, PARAMETROS, VALORES, FACTOR, UNIDAD) VALUES (2, 2, '1|2', '1|2', 11.83, 's/gal');
INSERT INTO T_MAE_FACTOR_DATA (ID_FACTOR, ID_DETALLE, PARAMETROS, VALORES, FACTOR, UNIDAD) VALUES (2, 3, '1|2', '1|3', 1599, 's/m3');
INSERT INTO T_MAE_FACTOR_DATA (ID_FACTOR, ID_DETALLE, PARAMETROS, VALORES, FACTOR, UNIDAD) VALUES (2, 4, '1|2', '1|4', 1.599, 's/l');
INSERT INTO T_MAE_FACTOR_DATA (ID_FACTOR, ID_DETALLE, PARAMETROS, VALORES, FACTOR, UNIDAD) VALUES (2, 5, '1|2', '2|1', 12.682, 's/gal');
INSERT INTO T_MAE_FACTOR_DATA (ID_FACTOR, ID_DETALLE, PARAMETROS, VALORES, FACTOR, UNIDAD) VALUES (2, 6, '1|2', '2|2', 11.83, 's/gal');
INSERT INTO T_MAE_FACTOR_DATA (ID_FACTOR, ID_DETALLE, PARAMETROS, VALORES, FACTOR, UNIDAD) VALUES (2, 7, '1|2', '2|3', 1599, 's/m3');
INSERT INTO T_MAE_FACTOR_DATA (ID_FACTOR, ID_DETALLE, PARAMETROS, VALORES, FACTOR, UNIDAD) VALUES (2, 8, '1|2', '2|4', 1.599, 's/l');
INSERT INTO T_MAE_FACTOR_DATA (ID_FACTOR, ID_DETALLE, PARAMETROS, VALORES, FACTOR, UNIDAD) VALUES (2, 9, '1|2', '3|1', 12.682, 's/gal');
INSERT INTO T_MAE_FACTOR_DATA (ID_FACTOR, ID_DETALLE, PARAMETROS, VALORES, FACTOR, UNIDAD) VALUES (2, 10, '1|2', '3|2', 11.83, 's/gal');
INSERT INTO T_MAE_FACTOR_DATA (ID_FACTOR, ID_DETALLE, PARAMETROS, VALORES, FACTOR, UNIDAD) VALUES (2, 11, '1|2', '3|3', 1599, 's/m3');
INSERT INTO T_MAE_FACTOR_DATA (ID_FACTOR, ID_DETALLE, PARAMETROS, VALORES, FACTOR, UNIDAD) VALUES (2, 12, '1|2', '3|4', 1.599, 's/l');
INSERT INTO T_MAE_FACTOR_DATA (ID_FACTOR, ID_DETALLE, PARAMETROS, VALORES, FACTOR, UNIDAD) VALUES (2, 13, '1|2', '4|1', 12.682, 's/gal');
INSERT INTO T_MAE_FACTOR_DATA (ID_FACTOR, ID_DETALLE, PARAMETROS, VALORES, FACTOR, UNIDAD) VALUES (2, 14, '1|2', '4|2', 11.83, 's/gal');
INSERT INTO T_MAE_FACTOR_DATA (ID_FACTOR, ID_DETALLE, PARAMETROS, VALORES, FACTOR, UNIDAD) VALUES (2, 15, '1|2', '4|3', 1599, 's/m3');
INSERT INTO T_MAE_FACTOR_DATA (ID_FACTOR, ID_DETALLE, PARAMETROS, VALORES, FACTOR, UNIDAD) VALUES (2, 16, '1|2', '4|4', 1.599, 's/l');*/

INSERT INTO T_MAE_FACTOR_DATA (ID_FACTOR, ID_DETALLE, PARAMETROS, VALORES, FACTOR, UNIDAD) VALUES (2, 1, '1|2|7', '1|1|1', 13.475, 's/gal');
INSERT INTO T_MAE_FACTOR_DATA (ID_FACTOR, ID_DETALLE, PARAMETROS, VALORES, FACTOR, UNIDAD) VALUES (2, 2, '1|2|7', '1|1|2', 13.8, 's/gal');
INSERT INTO T_MAE_FACTOR_DATA (ID_FACTOR, ID_DETALLE, PARAMETROS, VALORES, FACTOR, UNIDAD) VALUES (2, 3, '1|2|7', '1|1|3', 12.805, 's/gal');
INSERT INTO T_MAE_FACTOR_DATA (ID_FACTOR, ID_DETALLE, PARAMETROS, VALORES, FACTOR, UNIDAD) VALUES (2, 4, '1|2|7', '1|1|4', 11.795, 's/gal');
INSERT INTO T_MAE_FACTOR_DATA (ID_FACTOR, ID_DETALLE, PARAMETROS, VALORES, FACTOR, UNIDAD) VALUES (2, 5, '1|2|7', '1|1|5', 11.995, 's/gal');
INSERT INTO T_MAE_FACTOR_DATA (ID_FACTOR, ID_DETALLE, PARAMETROS, VALORES, FACTOR, UNIDAD) VALUES (2, 6, '1|2|7', '1|1|6', 14.1, 's/gal');
INSERT INTO T_MAE_FACTOR_DATA (ID_FACTOR, ID_DETALLE, PARAMETROS, VALORES, FACTOR, UNIDAD) VALUES (2, 7, '1|2|7', '1|1|7', 11.92, 's/gal');
INSERT INTO T_MAE_FACTOR_DATA (ID_FACTOR, ID_DETALLE, PARAMETROS, VALORES, FACTOR, UNIDAD) VALUES (2, 8, '1|2|7', '1|1|8', 11.64, 's/gal');
INSERT INTO T_MAE_FACTOR_DATA (ID_FACTOR, ID_DETALLE, PARAMETROS, VALORES, FACTOR, UNIDAD) VALUES (2, 9, '1|2|7', '1|1|9', 13.3, 's/gal');
INSERT INTO T_MAE_FACTOR_DATA (ID_FACTOR, ID_DETALLE, PARAMETROS, VALORES, FACTOR, UNIDAD) VALUES (2, 10, '1|2|7', '1|1|10', 11.89, 's/gal');
INSERT INTO T_MAE_FACTOR_DATA (ID_FACTOR, ID_DETALLE, PARAMETROS, VALORES, FACTOR, UNIDAD) VALUES (2, 11, '1|2|7', '1|1|11', 12.015, 's/gal');
INSERT INTO T_MAE_FACTOR_DATA (ID_FACTOR, ID_DETALLE, PARAMETROS, VALORES, FACTOR, UNIDAD) VALUES (2, 12, '1|2|7', '1|1|12', 12.4, 's/gal');
INSERT INTO T_MAE_FACTOR_DATA (ID_FACTOR, ID_DETALLE, PARAMETROS, VALORES, FACTOR, UNIDAD) VALUES (2, 13, '1|2|7', '1|1|13', 12.615, 's/gal');
INSERT INTO T_MAE_FACTOR_DATA (ID_FACTOR, ID_DETALLE, PARAMETROS, VALORES, FACTOR, UNIDAD) VALUES (2, 14, '1|2|7', '1|1|14', 13.925, 's/gal');
INSERT INTO T_MAE_FACTOR_DATA (ID_FACTOR, ID_DETALLE, PARAMETROS, VALORES, FACTOR, UNIDAD) VALUES (2, 15, '1|2|7', '1|1|15', 12.761, 's/gal');
INSERT INTO T_MAE_FACTOR_DATA (ID_FACTOR, ID_DETALLE, PARAMETROS, VALORES, FACTOR, UNIDAD) VALUES (2, 16, '1|2|7', '1|1|16', 11.947, 's/gal');
INSERT INTO T_MAE_FACTOR_DATA (ID_FACTOR, ID_DETALLE, PARAMETROS, VALORES, FACTOR, UNIDAD) VALUES (2, 17, '1|2|7', '1|1|17', 12.794, 's/gal');
INSERT INTO T_MAE_FACTOR_DATA (ID_FACTOR, ID_DETALLE, PARAMETROS, VALORES, FACTOR, UNIDAD) VALUES (2, 18, '1|2|7', '1|1|18', 13.75, 's/gal');
INSERT INTO T_MAE_FACTOR_DATA (ID_FACTOR, ID_DETALLE, PARAMETROS, VALORES, FACTOR, UNIDAD) VALUES (2, 19, '1|2|7', '1|1|19', 14.35, 's/gal');
INSERT INTO T_MAE_FACTOR_DATA (ID_FACTOR, ID_DETALLE, PARAMETROS, VALORES, FACTOR, UNIDAD) VALUES (2, 20, '1|2|7', '1|1|20', 12.985, 's/gal');
INSERT INTO T_MAE_FACTOR_DATA (ID_FACTOR, ID_DETALLE, PARAMETROS, VALORES, FACTOR, UNIDAD) VALUES (2, 21, '1|2|7', '1|1|21', 12.125, 's/gal');
INSERT INTO T_MAE_FACTOR_DATA (ID_FACTOR, ID_DETALLE, PARAMETROS, VALORES, FACTOR, UNIDAD) VALUES (2, 22, '1|2|7', '1|1|22', 14.18, 's/gal');
INSERT INTO T_MAE_FACTOR_DATA (ID_FACTOR, ID_DETALLE, PARAMETROS, VALORES, FACTOR, UNIDAD) VALUES (2, 23, '1|2|7', '1|1|23', 13.925, 's/gal');
INSERT INTO T_MAE_FACTOR_DATA (ID_FACTOR, ID_DETALLE, PARAMETROS, VALORES, FACTOR, UNIDAD) VALUES (2, 24, '1|2|7', '1|1|24', 14.55, 's/gal');
INSERT INTO T_MAE_FACTOR_DATA (ID_FACTOR, ID_DETALLE, PARAMETROS, VALORES, FACTOR, UNIDAD) VALUES (2, 25, '1|2|7', '1|1|25', 14.3, 's/gal');
INSERT INTO T_MAE_FACTOR_DATA (ID_FACTOR, ID_DETALLE, PARAMETROS, VALORES, FACTOR, UNIDAD) VALUES (2, 26, '1|2|7', '1|1|26', 14.175, 's/gal');
INSERT INTO T_MAE_FACTOR_DATA (ID_FACTOR, ID_DETALLE, PARAMETROS, VALORES, FACTOR, UNIDAD) VALUES (2, 27, '1|2|7', '1|1|27', 12.29, 's/gal');

INSERT INTO T_MAE_FACTOR_DATA (ID_FACTOR, ID_DETALLE, PARAMETROS, VALORES, FACTOR, UNIDAD) VALUES (2, 28, '1|2|7', '1|2|1', 11, 's/gal');
INSERT INTO T_MAE_FACTOR_DATA (ID_FACTOR, ID_DETALLE, PARAMETROS, VALORES, FACTOR, UNIDAD) VALUES (2, 29, '1|2|7', '1|2|2', 12.5, 's/gal');
INSERT INTO T_MAE_FACTOR_DATA (ID_FACTOR, ID_DETALLE, PARAMETROS, VALORES, FACTOR, UNIDAD) VALUES (2, 30, '1|2|7', '1|2|3', 11.68, 's/gal');
INSERT INTO T_MAE_FACTOR_DATA (ID_FACTOR, ID_DETALLE, PARAMETROS, VALORES, FACTOR, UNIDAD) VALUES (2, 31, '1|2|7', '1|2|4', 10.45, 's/gal');
INSERT INTO T_MAE_FACTOR_DATA (ID_FACTOR, ID_DETALLE, PARAMETROS, VALORES, FACTOR, UNIDAD) VALUES (2, 32, '1|2|7', '1|2|5', 11.5, 's/gal');
INSERT INTO T_MAE_FACTOR_DATA (ID_FACTOR, ID_DETALLE, PARAMETROS, VALORES, FACTOR, UNIDAD) VALUES (2, 33, '1|2|7', '1|2|6', 13, 's/gal');
INSERT INTO T_MAE_FACTOR_DATA (ID_FACTOR, ID_DETALLE, PARAMETROS, VALORES, FACTOR, UNIDAD) VALUES (2, 34, '1|2|7', '1|2|7', 10.89, 's/gal');
INSERT INTO T_MAE_FACTOR_DATA (ID_FACTOR, ID_DETALLE, PARAMETROS, VALORES, FACTOR, UNIDAD) VALUES (2, 35, '1|2|7', '1|2|8', 11.29, 's/gal');
INSERT INTO T_MAE_FACTOR_DATA (ID_FACTOR, ID_DETALLE, PARAMETROS, VALORES, FACTOR, UNIDAD) VALUES (2, 36, '1|2|7', '1|2|9', 13.1, 's/gal');
INSERT INTO T_MAE_FACTOR_DATA (ID_FACTOR, ID_DETALLE, PARAMETROS, VALORES, FACTOR, UNIDAD) VALUES (2, 37, '1|2|7', '1|2|10', 10.99, 's/gal');
INSERT INTO T_MAE_FACTOR_DATA (ID_FACTOR, ID_DETALLE, PARAMETROS, VALORES, FACTOR, UNIDAD) VALUES (2, 38, '1|2|7', '1|2|11', 11.49, 's/gal');
INSERT INTO T_MAE_FACTOR_DATA (ID_FACTOR, ID_DETALLE, PARAMETROS, VALORES, FACTOR, UNIDAD) VALUES (2, 39, '1|2|7', '1|2|12', 11.69, 's/gal');
INSERT INTO T_MAE_FACTOR_DATA (ID_FACTOR, ID_DETALLE, PARAMETROS, VALORES, FACTOR, UNIDAD) VALUES (2, 40, '1|2|7', '1|2|13', 11.1, 's/gal');
INSERT INTO T_MAE_FACTOR_DATA (ID_FACTOR, ID_DETALLE, PARAMETROS, VALORES, FACTOR, UNIDAD) VALUES (2, 41, '1|2|7', '1|2|14', 11.85, 's/gal');
INSERT INTO T_MAE_FACTOR_DATA (ID_FACTOR, ID_DETALLE, PARAMETROS, VALORES, FACTOR, UNIDAD) VALUES (2, 42, '1|2|7', '1|2|15', 11.869, 's/gal');
INSERT INTO T_MAE_FACTOR_DATA (ID_FACTOR, ID_DETALLE, PARAMETROS, VALORES, FACTOR, UNIDAD) VALUES (2, 43, '1|2|7', '1|2|16', 11.239, 's/gal');
INSERT INTO T_MAE_FACTOR_DATA (ID_FACTOR, ID_DETALLE, PARAMETROS, VALORES, FACTOR, UNIDAD) VALUES (2, 44, '1|2|7', '1|2|17', 12.207, 's/gal');
INSERT INTO T_MAE_FACTOR_DATA (ID_FACTOR, ID_DETALLE, PARAMETROS, VALORES, FACTOR, UNIDAD) VALUES (2, 45, '1|2|7', '1|2|18', 10, 's/gal');
INSERT INTO T_MAE_FACTOR_DATA (ID_FACTOR, ID_DETALLE, PARAMETROS, VALORES, FACTOR, UNIDAD) VALUES (2, 46, '1|2|7', '1|2|19', 10.3, 's/gal');
INSERT INTO T_MAE_FACTOR_DATA (ID_FACTOR, ID_DETALLE, PARAMETROS, VALORES, FACTOR, UNIDAD) VALUES (2, 47, '1|2|7', '1|2|20', 11.95, 's/gal');
INSERT INTO T_MAE_FACTOR_DATA (ID_FACTOR, ID_DETALLE, PARAMETROS, VALORES, FACTOR, UNIDAD) VALUES (2, 48, '1|2|7', '1|2|21', 11.45, 's/gal');
INSERT INTO T_MAE_FACTOR_DATA (ID_FACTOR, ID_DETALLE, PARAMETROS, VALORES, FACTOR, UNIDAD) VALUES (2, 49, '1|2|7', '1|2|22', 12.55, 's/gal');
INSERT INTO T_MAE_FACTOR_DATA (ID_FACTOR, ID_DETALLE, PARAMETROS, VALORES, FACTOR, UNIDAD) VALUES (2, 50, '1|2|7', '1|2|23', 11.69, 's/gal');
INSERT INTO T_MAE_FACTOR_DATA (ID_FACTOR, ID_DETALLE, PARAMETROS, VALORES, FACTOR, UNIDAD) VALUES (2, 51, '1|2|7', '1|2|24', 13.4, 's/gal');
INSERT INTO T_MAE_FACTOR_DATA (ID_FACTOR, ID_DETALLE, PARAMETROS, VALORES, FACTOR, UNIDAD) VALUES (2, 52, '1|2|7', '1|2|25', 12.3, 's/gal');
INSERT INTO T_MAE_FACTOR_DATA (ID_FACTOR, ID_DETALLE, PARAMETROS, VALORES, FACTOR, UNIDAD) VALUES (2, 53, '1|2|7', '1|2|26', 12.8, 's/gal');
INSERT INTO T_MAE_FACTOR_DATA (ID_FACTOR, ID_DETALLE, PARAMETROS, VALORES, FACTOR, UNIDAD) VALUES (2, 54, '1|2|7', '1|2|27', 9.1, 's/gal');

INSERT INTO T_MAE_FACTOR_DATA (ID_FACTOR, ID_DETALLE, PARAMETROS, VALORES, FACTOR, UNIDAD) VALUES (2, 55, '1|2|7', '1|3|1', 1.8, 's/m3');
INSERT INTO T_MAE_FACTOR_DATA (ID_FACTOR, ID_DETALLE, PARAMETROS, VALORES, FACTOR, UNIDAD) VALUES (2, 56, '1|2|7', '1|3|2', 1.9, 's/m3');
INSERT INTO T_MAE_FACTOR_DATA (ID_FACTOR, ID_DETALLE, PARAMETROS, VALORES, FACTOR, UNIDAD) VALUES (2, 57, '1|2|7', '1|3|3', 1.8, 's/m3');
INSERT INTO T_MAE_FACTOR_DATA (ID_FACTOR, ID_DETALLE, PARAMETROS, VALORES, FACTOR, UNIDAD) VALUES (2, 58, '1|2|7', '1|3|4', 1.8, 's/m3');
INSERT INTO T_MAE_FACTOR_DATA (ID_FACTOR, ID_DETALLE, PARAMETROS, VALORES, FACTOR, UNIDAD) VALUES (2, 59, '1|2|7', '1|3|5', 1.8, 's/m3');
INSERT INTO T_MAE_FACTOR_DATA (ID_FACTOR, ID_DETALLE, PARAMETROS, VALORES, FACTOR, UNIDAD) VALUES (2, 60, '1|2|7', '1|3|6', 1.8, 's/m3');
INSERT INTO T_MAE_FACTOR_DATA (ID_FACTOR, ID_DETALLE, PARAMETROS, VALORES, FACTOR, UNIDAD) VALUES (2, 61, '1|2|7', '1|3|7', 1.5, 's/m3');
INSERT INTO T_MAE_FACTOR_DATA (ID_FACTOR, ID_DETALLE, PARAMETROS, VALORES, FACTOR, UNIDAD) VALUES (2, 62, '1|2|7', '1|3|8', 1.8, 's/m3');
INSERT INTO T_MAE_FACTOR_DATA (ID_FACTOR, ID_DETALLE, PARAMETROS, VALORES, FACTOR, UNIDAD) VALUES (2, 63, '1|2|7', '1|3|9', 1.69, 's/m3');
INSERT INTO T_MAE_FACTOR_DATA (ID_FACTOR, ID_DETALLE, PARAMETROS, VALORES, FACTOR, UNIDAD) VALUES (2, 64, '1|2|7', '1|3|10', 1.69, 's/m3');
INSERT INTO T_MAE_FACTOR_DATA (ID_FACTOR, ID_DETALLE, PARAMETROS, VALORES, FACTOR, UNIDAD) VALUES (2, 65, '1|2|7', '1|3|11', 1.8, 's/m3');
INSERT INTO T_MAE_FACTOR_DATA (ID_FACTOR, ID_DETALLE, PARAMETROS, VALORES, FACTOR, UNIDAD) VALUES (2, 66, '1|2|7', '1|3|12', 1.9, 's/m3');
INSERT INTO T_MAE_FACTOR_DATA (ID_FACTOR, ID_DETALLE, PARAMETROS, VALORES, FACTOR, UNIDAD) VALUES (2, 67, '1|2|7', '1|3|13', 1.8, 's/m3');
INSERT INTO T_MAE_FACTOR_DATA (ID_FACTOR, ID_DETALLE, PARAMETROS, VALORES, FACTOR, UNIDAD) VALUES (2, 68, '1|2|7', '1|3|14', 1.7, 's/m3');
INSERT INTO T_MAE_FACTOR_DATA (ID_FACTOR, ID_DETALLE, PARAMETROS, VALORES, FACTOR, UNIDAD) VALUES (2, 69, '1|2|7', '1|3|15', 1.545, 's/m3');
INSERT INTO T_MAE_FACTOR_DATA (ID_FACTOR, ID_DETALLE, PARAMETROS, VALORES, FACTOR, UNIDAD) VALUES (2, 70, '1|2|7', '1|3|16', 1.964, 's/m3');
INSERT INTO T_MAE_FACTOR_DATA (ID_FACTOR, ID_DETALLE, PARAMETROS, VALORES, FACTOR, UNIDAD) VALUES (2, 71, '1|2|7', '1|3|17', 1.506, 's/m3');
INSERT INTO T_MAE_FACTOR_DATA (ID_FACTOR, ID_DETALLE, PARAMETROS, VALORES, FACTOR, UNIDAD) VALUES (2, 72, '1|2|7', '1|3|18', 1.8, 's/m3');
INSERT INTO T_MAE_FACTOR_DATA (ID_FACTOR, ID_DETALLE, PARAMETROS, VALORES, FACTOR, UNIDAD) VALUES (2, 73, '1|2|7', '1|3|19', 1.69, 's/m3');
INSERT INTO T_MAE_FACTOR_DATA (ID_FACTOR, ID_DETALLE, PARAMETROS, VALORES, FACTOR, UNIDAD) VALUES (2, 74, '1|2|7', '1|3|20', 1.69, 's/m3');
INSERT INTO T_MAE_FACTOR_DATA (ID_FACTOR, ID_DETALLE, PARAMETROS, VALORES, FACTOR, UNIDAD) VALUES (2, 75, '1|2|7', '1|3|21', 1.69, 's/m3');
INSERT INTO T_MAE_FACTOR_DATA (ID_FACTOR, ID_DETALLE, PARAMETROS, VALORES, FACTOR, UNIDAD) VALUES (2, 76, '1|2|7', '1|3|22', 1.7, 's/m3');
INSERT INTO T_MAE_FACTOR_DATA (ID_FACTOR, ID_DETALLE, PARAMETROS, VALORES, FACTOR, UNIDAD) VALUES (2, 77, '1|2|7', '1|3|23', 1.8, 's/m3');
INSERT INTO T_MAE_FACTOR_DATA (ID_FACTOR, ID_DETALLE, PARAMETROS, VALORES, FACTOR, UNIDAD) VALUES (2, 78, '1|2|7', '1|3|24', 1.8, 's/m3');
INSERT INTO T_MAE_FACTOR_DATA (ID_FACTOR, ID_DETALLE, PARAMETROS, VALORES, FACTOR, UNIDAD) VALUES (2, 79, '1|2|7', '1|3|25', 1.69, 's/m3');
INSERT INTO T_MAE_FACTOR_DATA (ID_FACTOR, ID_DETALLE, PARAMETROS, VALORES, FACTOR, UNIDAD) VALUES (2, 80, '1|2|7', '1|3|26', 1.7, 's/m3');
INSERT INTO T_MAE_FACTOR_DATA (ID_FACTOR, ID_DETALLE, PARAMETROS, VALORES, FACTOR, UNIDAD) VALUES (2, 81, '1|2|7', '1|3|27', 1.69, 's/m3');

INSERT INTO T_MAE_FACTOR_DATA (ID_FACTOR, ID_DETALLE, PARAMETROS, VALORES, FACTOR, UNIDAD) VALUES (2, 82, '1|2|7', '1|4|1', 1.9, 's/l');
INSERT INTO T_MAE_FACTOR_DATA (ID_FACTOR, ID_DETALLE, PARAMETROS, VALORES, FACTOR, UNIDAD) VALUES (2, 83, '1|2|7', '1|4|2', 1.77, 's/l');
INSERT INTO T_MAE_FACTOR_DATA (ID_FACTOR, ID_DETALLE, PARAMETROS, VALORES, FACTOR, UNIDAD) VALUES (2, 84, '1|2|7', '1|4|3', 2.49, 's/l');
INSERT INTO T_MAE_FACTOR_DATA (ID_FACTOR, ID_DETALLE, PARAMETROS, VALORES, FACTOR, UNIDAD) VALUES (2, 85, '1|2|7', '1|4|4', 1.72, 's/l');
INSERT INTO T_MAE_FACTOR_DATA (ID_FACTOR, ID_DETALLE, PARAMETROS, VALORES, FACTOR, UNIDAD) VALUES (2, 86, '1|2|7', '1|4|5', 1.99, 's/l');
INSERT INTO T_MAE_FACTOR_DATA (ID_FACTOR, ID_DETALLE, PARAMETROS, VALORES, FACTOR, UNIDAD) VALUES (2, 87, '1|2|7', '1|4|6', 2.1, 's/l');
INSERT INTO T_MAE_FACTOR_DATA (ID_FACTOR, ID_DETALLE, PARAMETROS, VALORES, FACTOR, UNIDAD) VALUES (2, 88, '1|2|7', '1|4|7', 1.69, 's/l');
INSERT INTO T_MAE_FACTOR_DATA (ID_FACTOR, ID_DETALLE, PARAMETROS, VALORES, FACTOR, UNIDAD) VALUES (2, 89, '1|2|7', '1|4|8', 2.38, 's/l');
INSERT INTO T_MAE_FACTOR_DATA (ID_FACTOR, ID_DETALLE, PARAMETROS, VALORES, FACTOR, UNIDAD) VALUES (2, 90, '1|2|7', '1|4|9', 1.99, 's/l');
INSERT INTO T_MAE_FACTOR_DATA (ID_FACTOR, ID_DETALLE, PARAMETROS, VALORES, FACTOR, UNIDAD) VALUES (2, 91, '1|2|7', '1|4|10', 1.6, 's/l');
INSERT INTO T_MAE_FACTOR_DATA (ID_FACTOR, ID_DETALLE, PARAMETROS, VALORES, FACTOR, UNIDAD) VALUES (2, 92, '1|2|7', '1|4|11', 1.56, 's/l');
INSERT INTO T_MAE_FACTOR_DATA (ID_FACTOR, ID_DETALLE, PARAMETROS, VALORES, FACTOR, UNIDAD) VALUES (2, 93, '1|2|7', '1|4|12', 1.75, 's/l');
INSERT INTO T_MAE_FACTOR_DATA (ID_FACTOR, ID_DETALLE, PARAMETROS, VALORES, FACTOR, UNIDAD) VALUES (2, 94, '1|2|7', '1|4|13', 1.72, 's/l');
INSERT INTO T_MAE_FACTOR_DATA (ID_FACTOR, ID_DETALLE, PARAMETROS, VALORES, FACTOR, UNIDAD) VALUES (2, 95, '1|2|7', '1|4|14', 1.7, 's/l');
INSERT INTO T_MAE_FACTOR_DATA (ID_FACTOR, ID_DETALLE, PARAMETROS, VALORES, FACTOR, UNIDAD) VALUES (2, 96, '1|2|7', '1|4|15', 1.796, 's/l');
INSERT INTO T_MAE_FACTOR_DATA (ID_FACTOR, ID_DETALLE, PARAMETROS, VALORES, FACTOR, UNIDAD) VALUES (2, 97, '1|2|7', '1|4|16', 1.713, 's/l');
INSERT INTO T_MAE_FACTOR_DATA (ID_FACTOR, ID_DETALLE, PARAMETROS, VALORES, FACTOR, UNIDAD) VALUES (2, 98, '1|2|7', '1|4|17', 1.762, 's/l');
INSERT INTO T_MAE_FACTOR_DATA (ID_FACTOR, ID_DETALLE, PARAMETROS, VALORES, FACTOR, UNIDAD) VALUES (2, 99, '1|2|7', '1|4|18', 2, 's/l');
INSERT INTO T_MAE_FACTOR_DATA (ID_FACTOR, ID_DETALLE, PARAMETROS, VALORES, FACTOR, UNIDAD) VALUES (2, 100, '1|2|7', '1|4|19', 2.15, 's/gal');
INSERT INTO T_MAE_FACTOR_DATA (ID_FACTOR, ID_DETALLE, PARAMETROS, VALORES, FACTOR, UNIDAD) VALUES (2, 101, '1|2|7', '1|4|20', 1.9, 's/l');
INSERT INTO T_MAE_FACTOR_DATA (ID_FACTOR, ID_DETALLE, PARAMETROS, VALORES, FACTOR, UNIDAD) VALUES (2, 102, '1|2|7', '1|4|21', 1.78, 's/l');
INSERT INTO T_MAE_FACTOR_DATA (ID_FACTOR, ID_DETALLE, PARAMETROS, VALORES, FACTOR, UNIDAD) VALUES (2, 103, '1|2|7', '1|4|22', 1.8, 's/l');
INSERT INTO T_MAE_FACTOR_DATA (ID_FACTOR, ID_DETALLE, PARAMETROS, VALORES, FACTOR, UNIDAD) VALUES (2, 104, '1|2|7', '1|4|23', 2.6, 's/l');
INSERT INTO T_MAE_FACTOR_DATA (ID_FACTOR, ID_DETALLE, PARAMETROS, VALORES, FACTOR, UNIDAD) VALUES (2, 105, '1|2|7', '1|4|24', 1.8, 's/l');
INSERT INTO T_MAE_FACTOR_DATA (ID_FACTOR, ID_DETALLE, PARAMETROS, VALORES, FACTOR, UNIDAD) VALUES (2, 106, '1|2|7', '1|4|25', 1.77, 's/l');
INSERT INTO T_MAE_FACTOR_DATA (ID_FACTOR, ID_DETALLE, PARAMETROS, VALORES, FACTOR, UNIDAD) VALUES (2, 107, '1|2|7', '1|4|26', 2, 's/l');
INSERT INTO T_MAE_FACTOR_DATA (ID_FACTOR, ID_DETALLE, PARAMETROS, VALORES, FACTOR, UNIDAD) VALUES (2, 108, '1|2|7', '1|4|27', 1.8, 's/l');

INSERT INTO T_MAE_FACTOR_DATA (ID_FACTOR, ID_DETALLE, PARAMETROS, VALORES, FACTOR, UNIDAD) VALUES (2, 109, '1|2|7', '2|1|1', 13.475, 's/gal');
INSERT INTO T_MAE_FACTOR_DATA (ID_FACTOR, ID_DETALLE, PARAMETROS, VALORES, FACTOR, UNIDAD) VALUES (2, 110, '1|2|7', '2|1|2', 13.8, 's/gal');
INSERT INTO T_MAE_FACTOR_DATA (ID_FACTOR, ID_DETALLE, PARAMETROS, VALORES, FACTOR, UNIDAD) VALUES (2, 111, '1|2|7', '2|1|3', 12.805, 's/gal');
INSERT INTO T_MAE_FACTOR_DATA (ID_FACTOR, ID_DETALLE, PARAMETROS, VALORES, FACTOR, UNIDAD) VALUES (2, 112, '1|2|7', '2|1|4', 11.795, 's/gal');
INSERT INTO T_MAE_FACTOR_DATA (ID_FACTOR, ID_DETALLE, PARAMETROS, VALORES, FACTOR, UNIDAD) VALUES (2, 113, '1|2|7', '2|1|5', 11.995, 's/gal');
INSERT INTO T_MAE_FACTOR_DATA (ID_FACTOR, ID_DETALLE, PARAMETROS, VALORES, FACTOR, UNIDAD) VALUES (2, 114, '1|2|7', '2|1|6', 14.1, 's/gal');
INSERT INTO T_MAE_FACTOR_DATA (ID_FACTOR, ID_DETALLE, PARAMETROS, VALORES, FACTOR, UNIDAD) VALUES (2, 115, '1|2|7', '2|1|7', 11.92, 's/gal');
INSERT INTO T_MAE_FACTOR_DATA (ID_FACTOR, ID_DETALLE, PARAMETROS, VALORES, FACTOR, UNIDAD) VALUES (2, 116, '1|2|7', '2|1|8', 11.64, 's/gal');
INSERT INTO T_MAE_FACTOR_DATA (ID_FACTOR, ID_DETALLE, PARAMETROS, VALORES, FACTOR, UNIDAD) VALUES (2, 117, '1|2|7', '2|1|9', 13.3, 's/gal');
INSERT INTO T_MAE_FACTOR_DATA (ID_FACTOR, ID_DETALLE, PARAMETROS, VALORES, FACTOR, UNIDAD) VALUES (2, 118, '1|2|7', '2|1|10', 11.89, 's/gal');
INSERT INTO T_MAE_FACTOR_DATA (ID_FACTOR, ID_DETALLE, PARAMETROS, VALORES, FACTOR, UNIDAD) VALUES (2, 119, '1|2|7', '2|1|11', 12.015, 's/gal');
INSERT INTO T_MAE_FACTOR_DATA (ID_FACTOR, ID_DETALLE, PARAMETROS, VALORES, FACTOR, UNIDAD) VALUES (2, 120, '1|2|7', '2|1|12', 12.4, 's/gal');
INSERT INTO T_MAE_FACTOR_DATA (ID_FACTOR, ID_DETALLE, PARAMETROS, VALORES, FACTOR, UNIDAD) VALUES (2, 121, '1|2|7', '2|1|13', 12.615, 's/gal');
INSERT INTO T_MAE_FACTOR_DATA (ID_FACTOR, ID_DETALLE, PARAMETROS, VALORES, FACTOR, UNIDAD) VALUES (2, 122, '1|2|7', '2|1|14', 13.925, 's/gal');
INSERT INTO T_MAE_FACTOR_DATA (ID_FACTOR, ID_DETALLE, PARAMETROS, VALORES, FACTOR, UNIDAD) VALUES (2, 123, '1|2|7', '2|1|15', 12.761, 's/gal');
INSERT INTO T_MAE_FACTOR_DATA (ID_FACTOR, ID_DETALLE, PARAMETROS, VALORES, FACTOR, UNIDAD) VALUES (2, 124, '1|2|7', '2|1|16', 11.947, 's/gal');
INSERT INTO T_MAE_FACTOR_DATA (ID_FACTOR, ID_DETALLE, PARAMETROS, VALORES, FACTOR, UNIDAD) VALUES (2, 125, '1|2|7', '2|1|17', 12.794, 's/gal');
INSERT INTO T_MAE_FACTOR_DATA (ID_FACTOR, ID_DETALLE, PARAMETROS, VALORES, FACTOR, UNIDAD) VALUES (2, 126, '1|2|7', '2|1|18', 13.75, 's/gal');
INSERT INTO T_MAE_FACTOR_DATA (ID_FACTOR, ID_DETALLE, PARAMETROS, VALORES, FACTOR, UNIDAD) VALUES (2, 127, '1|2|7', '2|1|19', 14.35, 's/gal');
INSERT INTO T_MAE_FACTOR_DATA (ID_FACTOR, ID_DETALLE, PARAMETROS, VALORES, FACTOR, UNIDAD) VALUES (2, 128, '1|2|7', '2|1|20', 12.985, 's/gal');
INSERT INTO T_MAE_FACTOR_DATA (ID_FACTOR, ID_DETALLE, PARAMETROS, VALORES, FACTOR, UNIDAD) VALUES (2, 129, '1|2|7', '2|1|21', 12.125, 's/gal');
INSERT INTO T_MAE_FACTOR_DATA (ID_FACTOR, ID_DETALLE, PARAMETROS, VALORES, FACTOR, UNIDAD) VALUES (2, 130, '1|2|7', '2|1|22', 14.18, 's/gal');
INSERT INTO T_MAE_FACTOR_DATA (ID_FACTOR, ID_DETALLE, PARAMETROS, VALORES, FACTOR, UNIDAD) VALUES (2, 131, '1|2|7', '2|1|23', 13.925, 's/gal');
INSERT INTO T_MAE_FACTOR_DATA (ID_FACTOR, ID_DETALLE, PARAMETROS, VALORES, FACTOR, UNIDAD) VALUES (2, 132, '1|2|7', '2|1|24', 14.55, 's/gal');
INSERT INTO T_MAE_FACTOR_DATA (ID_FACTOR, ID_DETALLE, PARAMETROS, VALORES, FACTOR, UNIDAD) VALUES (2, 133, '1|2|7', '2|1|25', 14.3, 's/gal');
INSERT INTO T_MAE_FACTOR_DATA (ID_FACTOR, ID_DETALLE, PARAMETROS, VALORES, FACTOR, UNIDAD) VALUES (2, 134, '1|2|7', '2|1|26', 14.175, 's/gal');
INSERT INTO T_MAE_FACTOR_DATA (ID_FACTOR, ID_DETALLE, PARAMETROS, VALORES, FACTOR, UNIDAD) VALUES (2, 135, '1|2|7', '2|1|27', 12.29, 's/gal');

INSERT INTO T_MAE_FACTOR_DATA (ID_FACTOR, ID_DETALLE, PARAMETROS, VALORES, FACTOR, UNIDAD) VALUES (2, 136, '1|2|7', '2|2|1', 11, 's/gal');
INSERT INTO T_MAE_FACTOR_DATA (ID_FACTOR, ID_DETALLE, PARAMETROS, VALORES, FACTOR, UNIDAD) VALUES (2, 137, '1|2|7', '2|2|2', 12.5, 's/gal');
INSERT INTO T_MAE_FACTOR_DATA (ID_FACTOR, ID_DETALLE, PARAMETROS, VALORES, FACTOR, UNIDAD) VALUES (2, 138, '1|2|7', '2|2|3', 11.68, 's/gal');
INSERT INTO T_MAE_FACTOR_DATA (ID_FACTOR, ID_DETALLE, PARAMETROS, VALORES, FACTOR, UNIDAD) VALUES (2, 139, '1|2|7', '2|2|4', 10.45, 's/gal');
INSERT INTO T_MAE_FACTOR_DATA (ID_FACTOR, ID_DETALLE, PARAMETROS, VALORES, FACTOR, UNIDAD) VALUES (2, 140, '1|2|7', '2|2|5', 11.5, 's/gal');
INSERT INTO T_MAE_FACTOR_DATA (ID_FACTOR, ID_DETALLE, PARAMETROS, VALORES, FACTOR, UNIDAD) VALUES (2, 141, '1|2|7', '2|2|6', 13, 's/gal');
INSERT INTO T_MAE_FACTOR_DATA (ID_FACTOR, ID_DETALLE, PARAMETROS, VALORES, FACTOR, UNIDAD) VALUES (2, 142, '1|2|7', '2|2|7', 10.89, 's/gal');
INSERT INTO T_MAE_FACTOR_DATA (ID_FACTOR, ID_DETALLE, PARAMETROS, VALORES, FACTOR, UNIDAD) VALUES (2, 143, '1|2|7', '2|2|8', 11.29, 's/gal');
INSERT INTO T_MAE_FACTOR_DATA (ID_FACTOR, ID_DETALLE, PARAMETROS, VALORES, FACTOR, UNIDAD) VALUES (2, 144, '1|2|7', '2|2|9', 13.1, 's/gal');
INSERT INTO T_MAE_FACTOR_DATA (ID_FACTOR, ID_DETALLE, PARAMETROS, VALORES, FACTOR, UNIDAD) VALUES (2, 145, '1|2|7', '2|2|10', 10.99, 's/gal');
INSERT INTO T_MAE_FACTOR_DATA (ID_FACTOR, ID_DETALLE, PARAMETROS, VALORES, FACTOR, UNIDAD) VALUES (2, 146, '1|2|7', '2|2|11', 11.49, 's/gal');
INSERT INTO T_MAE_FACTOR_DATA (ID_FACTOR, ID_DETALLE, PARAMETROS, VALORES, FACTOR, UNIDAD) VALUES (2, 147, '1|2|7', '2|2|12', 11.69, 's/gal');
INSERT INTO T_MAE_FACTOR_DATA (ID_FACTOR, ID_DETALLE, PARAMETROS, VALORES, FACTOR, UNIDAD) VALUES (2, 148, '1|2|7', '2|2|13', 11.1, 's/gal');
INSERT INTO T_MAE_FACTOR_DATA (ID_FACTOR, ID_DETALLE, PARAMETROS, VALORES, FACTOR, UNIDAD) VALUES (2, 149, '1|2|7', '2|2|14', 11.85, 's/gal');
INSERT INTO T_MAE_FACTOR_DATA (ID_FACTOR, ID_DETALLE, PARAMETROS, VALORES, FACTOR, UNIDAD) VALUES (2, 150, '1|2|7', '2|2|15', 11.869, 's/gal');
INSERT INTO T_MAE_FACTOR_DATA (ID_FACTOR, ID_DETALLE, PARAMETROS, VALORES, FACTOR, UNIDAD) VALUES (2, 151, '1|2|7', '2|2|16', 11.239, 's/gal');
INSERT INTO T_MAE_FACTOR_DATA (ID_FACTOR, ID_DETALLE, PARAMETROS, VALORES, FACTOR, UNIDAD) VALUES (2, 152, '1|2|7', '2|2|17', 12.207, 's/gal');
INSERT INTO T_MAE_FACTOR_DATA (ID_FACTOR, ID_DETALLE, PARAMETROS, VALORES, FACTOR, UNIDAD) VALUES (2, 153, '1|2|7', '2|2|18', 10, 's/gal');
INSERT INTO T_MAE_FACTOR_DATA (ID_FACTOR, ID_DETALLE, PARAMETROS, VALORES, FACTOR, UNIDAD) VALUES (2, 154, '1|2|7', '2|2|19', 10.3, 's/gal');
INSERT INTO T_MAE_FACTOR_DATA (ID_FACTOR, ID_DETALLE, PARAMETROS, VALORES, FACTOR, UNIDAD) VALUES (2, 155, '1|2|7', '2|2|20', 11.95, 's/gal');
INSERT INTO T_MAE_FACTOR_DATA (ID_FACTOR, ID_DETALLE, PARAMETROS, VALORES, FACTOR, UNIDAD) VALUES (2, 156, '1|2|7', '2|2|21', 11.45, 's/gal');
INSERT INTO T_MAE_FACTOR_DATA (ID_FACTOR, ID_DETALLE, PARAMETROS, VALORES, FACTOR, UNIDAD) VALUES (2, 157, '1|2|7', '2|2|22', 12.55, 's/gal');
INSERT INTO T_MAE_FACTOR_DATA (ID_FACTOR, ID_DETALLE, PARAMETROS, VALORES, FACTOR, UNIDAD) VALUES (2, 158, '1|2|7', '2|2|23', 11.69, 's/gal');
INSERT INTO T_MAE_FACTOR_DATA (ID_FACTOR, ID_DETALLE, PARAMETROS, VALORES, FACTOR, UNIDAD) VALUES (2, 159, '1|2|7', '2|2|24', 13.4, 's/gal');
INSERT INTO T_MAE_FACTOR_DATA (ID_FACTOR, ID_DETALLE, PARAMETROS, VALORES, FACTOR, UNIDAD) VALUES (2, 160, '1|2|7', '2|2|25', 12.3, 's/gal');
INSERT INTO T_MAE_FACTOR_DATA (ID_FACTOR, ID_DETALLE, PARAMETROS, VALORES, FACTOR, UNIDAD) VALUES (2, 161, '1|2|7', '2|2|26', 12.8, 's/gal');
INSERT INTO T_MAE_FACTOR_DATA (ID_FACTOR, ID_DETALLE, PARAMETROS, VALORES, FACTOR, UNIDAD) VALUES (2, 162, '1|2|7', '2|2|27', 9.1, 's/gal');

INSERT INTO T_MAE_FACTOR_DATA (ID_FACTOR, ID_DETALLE, PARAMETROS, VALORES, FACTOR, UNIDAD) VALUES (2, 163, '1|2|7', '2|3|1', 1.8, 's/m3');
INSERT INTO T_MAE_FACTOR_DATA (ID_FACTOR, ID_DETALLE, PARAMETROS, VALORES, FACTOR, UNIDAD) VALUES (2, 164, '1|2|7', '2|3|2', 1.9, 's/m3');
INSERT INTO T_MAE_FACTOR_DATA (ID_FACTOR, ID_DETALLE, PARAMETROS, VALORES, FACTOR, UNIDAD) VALUES (2, 165, '1|2|7', '2|3|3', 1.8, 's/m3');
INSERT INTO T_MAE_FACTOR_DATA (ID_FACTOR, ID_DETALLE, PARAMETROS, VALORES, FACTOR, UNIDAD) VALUES (2, 166, '1|2|7', '2|3|4', 1.8, 's/m3');
INSERT INTO T_MAE_FACTOR_DATA (ID_FACTOR, ID_DETALLE, PARAMETROS, VALORES, FACTOR, UNIDAD) VALUES (2, 167, '1|2|7', '2|3|5', 1.8, 's/m3');
INSERT INTO T_MAE_FACTOR_DATA (ID_FACTOR, ID_DETALLE, PARAMETROS, VALORES, FACTOR, UNIDAD) VALUES (2, 168, '1|2|7', '2|3|6', 1.8, 's/m3');
INSERT INTO T_MAE_FACTOR_DATA (ID_FACTOR, ID_DETALLE, PARAMETROS, VALORES, FACTOR, UNIDAD) VALUES (2, 169, '1|2|7', '2|3|7', 1.5, 's/m3');
INSERT INTO T_MAE_FACTOR_DATA (ID_FACTOR, ID_DETALLE, PARAMETROS, VALORES, FACTOR, UNIDAD) VALUES (2, 170, '1|2|7', '2|3|8', 1.8, 's/m3');
INSERT INTO T_MAE_FACTOR_DATA (ID_FACTOR, ID_DETALLE, PARAMETROS, VALORES, FACTOR, UNIDAD) VALUES (2, 171, '1|2|7', '2|3|9', 1.69, 's/m3');
INSERT INTO T_MAE_FACTOR_DATA (ID_FACTOR, ID_DETALLE, PARAMETROS, VALORES, FACTOR, UNIDAD) VALUES (2, 172, '1|2|7', '2|3|10', 1.69, 's/m3');
INSERT INTO T_MAE_FACTOR_DATA (ID_FACTOR, ID_DETALLE, PARAMETROS, VALORES, FACTOR, UNIDAD) VALUES (2, 173, '1|2|7', '2|3|11', 1.8, 's/m3');
INSERT INTO T_MAE_FACTOR_DATA (ID_FACTOR, ID_DETALLE, PARAMETROS, VALORES, FACTOR, UNIDAD) VALUES (2, 174, '1|2|7', '2|3|12', 1.9, 's/m3');
INSERT INTO T_MAE_FACTOR_DATA (ID_FACTOR, ID_DETALLE, PARAMETROS, VALORES, FACTOR, UNIDAD) VALUES (2, 175, '1|2|7', '2|3|13', 1.8, 's/m3');
INSERT INTO T_MAE_FACTOR_DATA (ID_FACTOR, ID_DETALLE, PARAMETROS, VALORES, FACTOR, UNIDAD) VALUES (2, 176, '1|2|7', '2|3|14', 1.7, 's/m3');
INSERT INTO T_MAE_FACTOR_DATA (ID_FACTOR, ID_DETALLE, PARAMETROS, VALORES, FACTOR, UNIDAD) VALUES (2, 177, '1|2|7', '2|3|15', 1.545, 's/m3');
INSERT INTO T_MAE_FACTOR_DATA (ID_FACTOR, ID_DETALLE, PARAMETROS, VALORES, FACTOR, UNIDAD) VALUES (2, 178, '1|2|7', '2|3|16', 1.964, 's/m3');
INSERT INTO T_MAE_FACTOR_DATA (ID_FACTOR, ID_DETALLE, PARAMETROS, VALORES, FACTOR, UNIDAD) VALUES (2, 179, '1|2|7', '2|3|17', 1.506, 's/m3');
INSERT INTO T_MAE_FACTOR_DATA (ID_FACTOR, ID_DETALLE, PARAMETROS, VALORES, FACTOR, UNIDAD) VALUES (2, 180, '1|2|7', '2|3|18', 1.8, 's/m3');
INSERT INTO T_MAE_FACTOR_DATA (ID_FACTOR, ID_DETALLE, PARAMETROS, VALORES, FACTOR, UNIDAD) VALUES (2, 181, '1|2|7', '2|3|19', 1.69, 's/m3');
INSERT INTO T_MAE_FACTOR_DATA (ID_FACTOR, ID_DETALLE, PARAMETROS, VALORES, FACTOR, UNIDAD) VALUES (2, 182, '1|2|7', '2|3|20', 1.69, 's/m3');
INSERT INTO T_MAE_FACTOR_DATA (ID_FACTOR, ID_DETALLE, PARAMETROS, VALORES, FACTOR, UNIDAD) VALUES (2, 183, '1|2|7', '2|3|21', 1.69, 's/m3');
INSERT INTO T_MAE_FACTOR_DATA (ID_FACTOR, ID_DETALLE, PARAMETROS, VALORES, FACTOR, UNIDAD) VALUES (2, 184, '1|2|7', '2|3|22', 1.7, 's/m3');
INSERT INTO T_MAE_FACTOR_DATA (ID_FACTOR, ID_DETALLE, PARAMETROS, VALORES, FACTOR, UNIDAD) VALUES (2, 185, '1|2|7', '2|3|23', 1.8, 's/m3');
INSERT INTO T_MAE_FACTOR_DATA (ID_FACTOR, ID_DETALLE, PARAMETROS, VALORES, FACTOR, UNIDAD) VALUES (2, 186, '1|2|7', '2|3|24', 1.8, 's/m3');
INSERT INTO T_MAE_FACTOR_DATA (ID_FACTOR, ID_DETALLE, PARAMETROS, VALORES, FACTOR, UNIDAD) VALUES (2, 187, '1|2|7', '2|3|25', 1.69, 's/m3');
INSERT INTO T_MAE_FACTOR_DATA (ID_FACTOR, ID_DETALLE, PARAMETROS, VALORES, FACTOR, UNIDAD) VALUES (2, 188, '1|2|7', '2|3|26', 1.7, 's/m3');
INSERT INTO T_MAE_FACTOR_DATA (ID_FACTOR, ID_DETALLE, PARAMETROS, VALORES, FACTOR, UNIDAD) VALUES (2, 189, '1|2|7', '2|3|27', 1.69, 's/m3');

INSERT INTO T_MAE_FACTOR_DATA (ID_FACTOR, ID_DETALLE, PARAMETROS, VALORES, FACTOR, UNIDAD) VALUES (2, 190, '1|2|7', '2|4|1', 1.9, 's/l');
INSERT INTO T_MAE_FACTOR_DATA (ID_FACTOR, ID_DETALLE, PARAMETROS, VALORES, FACTOR, UNIDAD) VALUES (2, 191, '1|2|7', '2|4|2', 1.77, 's/l');
INSERT INTO T_MAE_FACTOR_DATA (ID_FACTOR, ID_DETALLE, PARAMETROS, VALORES, FACTOR, UNIDAD) VALUES (2, 192, '1|2|7', '2|4|3', 2.49, 's/l');
INSERT INTO T_MAE_FACTOR_DATA (ID_FACTOR, ID_DETALLE, PARAMETROS, VALORES, FACTOR, UNIDAD) VALUES (2, 193, '1|2|7', '2|4|4', 1.72, 's/l');
INSERT INTO T_MAE_FACTOR_DATA (ID_FACTOR, ID_DETALLE, PARAMETROS, VALORES, FACTOR, UNIDAD) VALUES (2, 194, '1|2|7', '2|4|5', 1.99, 's/l');
INSERT INTO T_MAE_FACTOR_DATA (ID_FACTOR, ID_DETALLE, PARAMETROS, VALORES, FACTOR, UNIDAD) VALUES (2, 195, '1|2|7', '2|4|6', 2.1, 's/l');
INSERT INTO T_MAE_FACTOR_DATA (ID_FACTOR, ID_DETALLE, PARAMETROS, VALORES, FACTOR, UNIDAD) VALUES (2, 196, '1|2|7', '2|4|7', 1.69, 's/l');
INSERT INTO T_MAE_FACTOR_DATA (ID_FACTOR, ID_DETALLE, PARAMETROS, VALORES, FACTOR, UNIDAD) VALUES (2, 197, '1|2|7', '2|4|8', 2.38, 's/l');
INSERT INTO T_MAE_FACTOR_DATA (ID_FACTOR, ID_DETALLE, PARAMETROS, VALORES, FACTOR, UNIDAD) VALUES (2, 198, '1|2|7', '2|4|9', 1.99, 's/l');
INSERT INTO T_MAE_FACTOR_DATA (ID_FACTOR, ID_DETALLE, PARAMETROS, VALORES, FACTOR, UNIDAD) VALUES (2, 199, '1|2|7', '2|4|10', 1.6, 's/l');
INSERT INTO T_MAE_FACTOR_DATA (ID_FACTOR, ID_DETALLE, PARAMETROS, VALORES, FACTOR, UNIDAD) VALUES (2, 200, '1|2|7', '2|4|11', 1.56, 's/l');
INSERT INTO T_MAE_FACTOR_DATA (ID_FACTOR, ID_DETALLE, PARAMETROS, VALORES, FACTOR, UNIDAD) VALUES (2, 201, '1|2|7', '2|4|12', 1.75, 's/l');
INSERT INTO T_MAE_FACTOR_DATA (ID_FACTOR, ID_DETALLE, PARAMETROS, VALORES, FACTOR, UNIDAD) VALUES (2, 202, '1|2|7', '2|4|13', 1.72, 's/l');
INSERT INTO T_MAE_FACTOR_DATA (ID_FACTOR, ID_DETALLE, PARAMETROS, VALORES, FACTOR, UNIDAD) VALUES (2, 203, '1|2|7', '2|4|14', 1.7, 's/l');
INSERT INTO T_MAE_FACTOR_DATA (ID_FACTOR, ID_DETALLE, PARAMETROS, VALORES, FACTOR, UNIDAD) VALUES (2, 204, '1|2|7', '2|4|15', 1.796, 's/l');
INSERT INTO T_MAE_FACTOR_DATA (ID_FACTOR, ID_DETALLE, PARAMETROS, VALORES, FACTOR, UNIDAD) VALUES (2, 205, '1|2|7', '2|4|16', 1.713, 's/l');
INSERT INTO T_MAE_FACTOR_DATA (ID_FACTOR, ID_DETALLE, PARAMETROS, VALORES, FACTOR, UNIDAD) VALUES (2, 206, '1|2|7', '2|4|17', 1.762, 's/l');
INSERT INTO T_MAE_FACTOR_DATA (ID_FACTOR, ID_DETALLE, PARAMETROS, VALORES, FACTOR, UNIDAD) VALUES (2, 207, '1|2|7', '2|4|18', 2, 's/l');
INSERT INTO T_MAE_FACTOR_DATA (ID_FACTOR, ID_DETALLE, PARAMETROS, VALORES, FACTOR, UNIDAD) VALUES (2, 208, '1|2|7', '2|4|19', 2.15, 's/gal');
INSERT INTO T_MAE_FACTOR_DATA (ID_FACTOR, ID_DETALLE, PARAMETROS, VALORES, FACTOR, UNIDAD) VALUES (2, 209, '1|2|7', '2|4|20', 1.9, 's/l');
INSERT INTO T_MAE_FACTOR_DATA (ID_FACTOR, ID_DETALLE, PARAMETROS, VALORES, FACTOR, UNIDAD) VALUES (2, 210, '1|2|7', '2|4|21', 1.78, 's/l');
INSERT INTO T_MAE_FACTOR_DATA (ID_FACTOR, ID_DETALLE, PARAMETROS, VALORES, FACTOR, UNIDAD) VALUES (2, 211, '1|2|7', '2|4|22', 1.8, 's/l');
INSERT INTO T_MAE_FACTOR_DATA (ID_FACTOR, ID_DETALLE, PARAMETROS, VALORES, FACTOR, UNIDAD) VALUES (2, 212, '1|2|7', '2|4|23', 2.6, 's/l');
INSERT INTO T_MAE_FACTOR_DATA (ID_FACTOR, ID_DETALLE, PARAMETROS, VALORES, FACTOR, UNIDAD) VALUES (2, 213, '1|2|7', '2|4|24', 1.8, 's/l');
INSERT INTO T_MAE_FACTOR_DATA (ID_FACTOR, ID_DETALLE, PARAMETROS, VALORES, FACTOR, UNIDAD) VALUES (2, 214, '1|2|7', '2|4|25', 1.77, 's/l');
INSERT INTO T_MAE_FACTOR_DATA (ID_FACTOR, ID_DETALLE, PARAMETROS, VALORES, FACTOR, UNIDAD) VALUES (2, 215, '1|2|7', '2|4|26', 2, 's/l');
INSERT INTO T_MAE_FACTOR_DATA (ID_FACTOR, ID_DETALLE, PARAMETROS, VALORES, FACTOR, UNIDAD) VALUES (2, 216, '1|2|7', '2|4|27', 1.8, 's/l');

INSERT INTO T_MAE_FACTOR_DATA (ID_FACTOR, ID_DETALLE, PARAMETROS, VALORES, FACTOR, UNIDAD) VALUES (2, 217, '1|2|7', '3|1|1', 13.475, 's/gal');
INSERT INTO T_MAE_FACTOR_DATA (ID_FACTOR, ID_DETALLE, PARAMETROS, VALORES, FACTOR, UNIDAD) VALUES (2, 218, '1|2|7', '3|1|2', 13.8, 's/gal');
INSERT INTO T_MAE_FACTOR_DATA (ID_FACTOR, ID_DETALLE, PARAMETROS, VALORES, FACTOR, UNIDAD) VALUES (2, 219, '1|2|7', '3|1|3', 12.805, 's/gal');
INSERT INTO T_MAE_FACTOR_DATA (ID_FACTOR, ID_DETALLE, PARAMETROS, VALORES, FACTOR, UNIDAD) VALUES (2, 220, '1|2|7', '3|1|4', 11.795, 's/gal');
INSERT INTO T_MAE_FACTOR_DATA (ID_FACTOR, ID_DETALLE, PARAMETROS, VALORES, FACTOR, UNIDAD) VALUES (2, 221, '1|2|7', '3|1|5', 11.995, 's/gal');
INSERT INTO T_MAE_FACTOR_DATA (ID_FACTOR, ID_DETALLE, PARAMETROS, VALORES, FACTOR, UNIDAD) VALUES (2, 222, '1|2|7', '3|1|6', 14.1, 's/gal');
INSERT INTO T_MAE_FACTOR_DATA (ID_FACTOR, ID_DETALLE, PARAMETROS, VALORES, FACTOR, UNIDAD) VALUES (2, 223, '1|2|7', '3|1|7', 11.92, 's/gal');
INSERT INTO T_MAE_FACTOR_DATA (ID_FACTOR, ID_DETALLE, PARAMETROS, VALORES, FACTOR, UNIDAD) VALUES (2, 224, '1|2|7', '3|1|8', 11.64, 's/gal');
INSERT INTO T_MAE_FACTOR_DATA (ID_FACTOR, ID_DETALLE, PARAMETROS, VALORES, FACTOR, UNIDAD) VALUES (2, 225, '1|2|7', '3|1|9', 13.3, 's/gal');
INSERT INTO T_MAE_FACTOR_DATA (ID_FACTOR, ID_DETALLE, PARAMETROS, VALORES, FACTOR, UNIDAD) VALUES (2, 226, '1|2|7', '3|1|10', 11.89, 's/gal');
INSERT INTO T_MAE_FACTOR_DATA (ID_FACTOR, ID_DETALLE, PARAMETROS, VALORES, FACTOR, UNIDAD) VALUES (2, 227, '1|2|7', '3|1|11', 12.015, 's/gal');
INSERT INTO T_MAE_FACTOR_DATA (ID_FACTOR, ID_DETALLE, PARAMETROS, VALORES, FACTOR, UNIDAD) VALUES (2, 228, '1|2|7', '3|1|12', 12.4, 's/gal');
INSERT INTO T_MAE_FACTOR_DATA (ID_FACTOR, ID_DETALLE, PARAMETROS, VALORES, FACTOR, UNIDAD) VALUES (2, 229, '1|2|7', '3|1|13', 12.615, 's/gal');
INSERT INTO T_MAE_FACTOR_DATA (ID_FACTOR, ID_DETALLE, PARAMETROS, VALORES, FACTOR, UNIDAD) VALUES (2, 230, '1|2|7', '3|1|14', 13.925, 's/gal');
INSERT INTO T_MAE_FACTOR_DATA (ID_FACTOR, ID_DETALLE, PARAMETROS, VALORES, FACTOR, UNIDAD) VALUES (2, 231, '1|2|7', '3|1|15', 12.761, 's/gal');
INSERT INTO T_MAE_FACTOR_DATA (ID_FACTOR, ID_DETALLE, PARAMETROS, VALORES, FACTOR, UNIDAD) VALUES (2, 232, '1|2|7', '3|1|16', 11.947, 's/gal');
INSERT INTO T_MAE_FACTOR_DATA (ID_FACTOR, ID_DETALLE, PARAMETROS, VALORES, FACTOR, UNIDAD) VALUES (2, 233, '1|2|7', '3|1|17', 12.794, 's/gal');
INSERT INTO T_MAE_FACTOR_DATA (ID_FACTOR, ID_DETALLE, PARAMETROS, VALORES, FACTOR, UNIDAD) VALUES (2, 234, '1|2|7', '3|1|18', 13.75, 's/gal');
INSERT INTO T_MAE_FACTOR_DATA (ID_FACTOR, ID_DETALLE, PARAMETROS, VALORES, FACTOR, UNIDAD) VALUES (2, 235, '1|2|7', '3|1|19', 14.35, 's/gal');
INSERT INTO T_MAE_FACTOR_DATA (ID_FACTOR, ID_DETALLE, PARAMETROS, VALORES, FACTOR, UNIDAD) VALUES (2, 236, '1|2|7', '3|1|20', 12.985, 's/gal');
INSERT INTO T_MAE_FACTOR_DATA (ID_FACTOR, ID_DETALLE, PARAMETROS, VALORES, FACTOR, UNIDAD) VALUES (2, 237, '1|2|7', '3|1|21', 12.125, 's/gal');
INSERT INTO T_MAE_FACTOR_DATA (ID_FACTOR, ID_DETALLE, PARAMETROS, VALORES, FACTOR, UNIDAD) VALUES (2, 238, '1|2|7', '3|1|22', 14.18, 's/gal');
INSERT INTO T_MAE_FACTOR_DATA (ID_FACTOR, ID_DETALLE, PARAMETROS, VALORES, FACTOR, UNIDAD) VALUES (2, 239, '1|2|7', '3|1|23', 13.925, 's/gal');
INSERT INTO T_MAE_FACTOR_DATA (ID_FACTOR, ID_DETALLE, PARAMETROS, VALORES, FACTOR, UNIDAD) VALUES (2, 240, '1|2|7', '3|1|24', 14.55, 's/gal');
INSERT INTO T_MAE_FACTOR_DATA (ID_FACTOR, ID_DETALLE, PARAMETROS, VALORES, FACTOR, UNIDAD) VALUES (2, 241, '1|2|7', '3|1|25', 14.3, 's/gal');
INSERT INTO T_MAE_FACTOR_DATA (ID_FACTOR, ID_DETALLE, PARAMETROS, VALORES, FACTOR, UNIDAD) VALUES (2, 242, '1|2|7', '3|1|26', 14.175, 's/gal');
INSERT INTO T_MAE_FACTOR_DATA (ID_FACTOR, ID_DETALLE, PARAMETROS, VALORES, FACTOR, UNIDAD) VALUES (2, 243, '1|2|7', '3|1|27', 12.29, 's/gal');

INSERT INTO T_MAE_FACTOR_DATA (ID_FACTOR, ID_DETALLE, PARAMETROS, VALORES, FACTOR, UNIDAD) VALUES (2, 244, '1|2|7', '3|2|1', 11, 's/gal');
INSERT INTO T_MAE_FACTOR_DATA (ID_FACTOR, ID_DETALLE, PARAMETROS, VALORES, FACTOR, UNIDAD) VALUES (2, 245, '1|2|7', '3|2|2', 12.5, 's/gal');
INSERT INTO T_MAE_FACTOR_DATA (ID_FACTOR, ID_DETALLE, PARAMETROS, VALORES, FACTOR, UNIDAD) VALUES (2, 246, '1|2|7', '3|2|3', 11.68, 's/gal');
INSERT INTO T_MAE_FACTOR_DATA (ID_FACTOR, ID_DETALLE, PARAMETROS, VALORES, FACTOR, UNIDAD) VALUES (2, 247, '1|2|7', '3|2|4', 10.45, 's/gal');
INSERT INTO T_MAE_FACTOR_DATA (ID_FACTOR, ID_DETALLE, PARAMETROS, VALORES, FACTOR, UNIDAD) VALUES (2, 248, '1|2|7', '3|2|5', 11.5, 's/gal');
INSERT INTO T_MAE_FACTOR_DATA (ID_FACTOR, ID_DETALLE, PARAMETROS, VALORES, FACTOR, UNIDAD) VALUES (2, 249, '1|2|7', '3|2|6', 13, 's/gal');
INSERT INTO T_MAE_FACTOR_DATA (ID_FACTOR, ID_DETALLE, PARAMETROS, VALORES, FACTOR, UNIDAD) VALUES (2, 250, '1|2|7', '3|2|7', 10.89, 's/gal');
INSERT INTO T_MAE_FACTOR_DATA (ID_FACTOR, ID_DETALLE, PARAMETROS, VALORES, FACTOR, UNIDAD) VALUES (2, 251, '1|2|7', '3|2|8', 11.29, 's/gal');
INSERT INTO T_MAE_FACTOR_DATA (ID_FACTOR, ID_DETALLE, PARAMETROS, VALORES, FACTOR, UNIDAD) VALUES (2, 252, '1|2|7', '3|2|9', 13.1, 's/gal');
INSERT INTO T_MAE_FACTOR_DATA (ID_FACTOR, ID_DETALLE, PARAMETROS, VALORES, FACTOR, UNIDAD) VALUES (2, 253, '1|2|7', '3|2|10', 10.99, 's/gal');
INSERT INTO T_MAE_FACTOR_DATA (ID_FACTOR, ID_DETALLE, PARAMETROS, VALORES, FACTOR, UNIDAD) VALUES (2, 254, '1|2|7', '3|2|11', 11.49, 's/gal');
INSERT INTO T_MAE_FACTOR_DATA (ID_FACTOR, ID_DETALLE, PARAMETROS, VALORES, FACTOR, UNIDAD) VALUES (2, 255, '1|2|7', '3|2|12', 11.69, 's/gal');
INSERT INTO T_MAE_FACTOR_DATA (ID_FACTOR, ID_DETALLE, PARAMETROS, VALORES, FACTOR, UNIDAD) VALUES (2, 256, '1|2|7', '3|2|13', 11.1, 's/gal');
INSERT INTO T_MAE_FACTOR_DATA (ID_FACTOR, ID_DETALLE, PARAMETROS, VALORES, FACTOR, UNIDAD) VALUES (2, 257, '1|2|7', '3|2|14', 11.85, 's/gal');
INSERT INTO T_MAE_FACTOR_DATA (ID_FACTOR, ID_DETALLE, PARAMETROS, VALORES, FACTOR, UNIDAD) VALUES (2, 258, '1|2|7', '3|2|15', 11.869, 's/gal');
INSERT INTO T_MAE_FACTOR_DATA (ID_FACTOR, ID_DETALLE, PARAMETROS, VALORES, FACTOR, UNIDAD) VALUES (2, 259, '1|2|7', '3|2|16', 11.239, 's/gal');
INSERT INTO T_MAE_FACTOR_DATA (ID_FACTOR, ID_DETALLE, PARAMETROS, VALORES, FACTOR, UNIDAD) VALUES (2, 260, '1|2|7', '3|2|17', 12.207, 's/gal');
INSERT INTO T_MAE_FACTOR_DATA (ID_FACTOR, ID_DETALLE, PARAMETROS, VALORES, FACTOR, UNIDAD) VALUES (2, 261, '1|2|7', '3|2|18', 10, 's/gal');
INSERT INTO T_MAE_FACTOR_DATA (ID_FACTOR, ID_DETALLE, PARAMETROS, VALORES, FACTOR, UNIDAD) VALUES (2, 262, '1|2|7', '3|2|19', 10.3, 's/gal');
INSERT INTO T_MAE_FACTOR_DATA (ID_FACTOR, ID_DETALLE, PARAMETROS, VALORES, FACTOR, UNIDAD) VALUES (2, 263, '1|2|7', '3|2|20', 11.95, 's/gal');
INSERT INTO T_MAE_FACTOR_DATA (ID_FACTOR, ID_DETALLE, PARAMETROS, VALORES, FACTOR, UNIDAD) VALUES (2, 264, '1|2|7', '3|2|21', 11.45, 's/gal');
INSERT INTO T_MAE_FACTOR_DATA (ID_FACTOR, ID_DETALLE, PARAMETROS, VALORES, FACTOR, UNIDAD) VALUES (2, 265, '1|2|7', '3|2|22', 12.55, 's/gal');
INSERT INTO T_MAE_FACTOR_DATA (ID_FACTOR, ID_DETALLE, PARAMETROS, VALORES, FACTOR, UNIDAD) VALUES (2, 266, '1|2|7', '3|2|23', 11.69, 's/gal');
INSERT INTO T_MAE_FACTOR_DATA (ID_FACTOR, ID_DETALLE, PARAMETROS, VALORES, FACTOR, UNIDAD) VALUES (2, 267, '1|2|7', '3|2|24', 13.4, 's/gal');
INSERT INTO T_MAE_FACTOR_DATA (ID_FACTOR, ID_DETALLE, PARAMETROS, VALORES, FACTOR, UNIDAD) VALUES (2, 268, '1|2|7', '3|2|25', 12.3, 's/gal');
INSERT INTO T_MAE_FACTOR_DATA (ID_FACTOR, ID_DETALLE, PARAMETROS, VALORES, FACTOR, UNIDAD) VALUES (2, 269, '1|2|7', '3|2|26', 12.8, 's/gal');
INSERT INTO T_MAE_FACTOR_DATA (ID_FACTOR, ID_DETALLE, PARAMETROS, VALORES, FACTOR, UNIDAD) VALUES (2, 270, '1|2|7', '3|2|27', 9.1, 's/gal');

INSERT INTO T_MAE_FACTOR_DATA (ID_FACTOR, ID_DETALLE, PARAMETROS, VALORES, FACTOR, UNIDAD) VALUES (2, 271, '1|2|7', '3|3|1', 1.8, 's/m3');
INSERT INTO T_MAE_FACTOR_DATA (ID_FACTOR, ID_DETALLE, PARAMETROS, VALORES, FACTOR, UNIDAD) VALUES (2, 272, '1|2|7', '3|3|2', 1.9, 's/m3');
INSERT INTO T_MAE_FACTOR_DATA (ID_FACTOR, ID_DETALLE, PARAMETROS, VALORES, FACTOR, UNIDAD) VALUES (2, 273, '1|2|7', '3|3|3', 1.8, 's/m3');
INSERT INTO T_MAE_FACTOR_DATA (ID_FACTOR, ID_DETALLE, PARAMETROS, VALORES, FACTOR, UNIDAD) VALUES (2, 274, '1|2|7', '3|3|4', 1.8, 's/m3');
INSERT INTO T_MAE_FACTOR_DATA (ID_FACTOR, ID_DETALLE, PARAMETROS, VALORES, FACTOR, UNIDAD) VALUES (2, 275, '1|2|7', '3|3|5', 1.8, 's/m3');
INSERT INTO T_MAE_FACTOR_DATA (ID_FACTOR, ID_DETALLE, PARAMETROS, VALORES, FACTOR, UNIDAD) VALUES (2, 276, '1|2|7', '3|3|6', 1.8, 's/m3');
INSERT INTO T_MAE_FACTOR_DATA (ID_FACTOR, ID_DETALLE, PARAMETROS, VALORES, FACTOR, UNIDAD) VALUES (2, 277, '1|2|7', '3|3|7', 1.5, 's/m3');
INSERT INTO T_MAE_FACTOR_DATA (ID_FACTOR, ID_DETALLE, PARAMETROS, VALORES, FACTOR, UNIDAD) VALUES (2, 278, '1|2|7', '3|3|8', 1.8, 's/m3');
INSERT INTO T_MAE_FACTOR_DATA (ID_FACTOR, ID_DETALLE, PARAMETROS, VALORES, FACTOR, UNIDAD) VALUES (2, 279, '1|2|7', '3|3|9', 1.69, 's/m3');
INSERT INTO T_MAE_FACTOR_DATA (ID_FACTOR, ID_DETALLE, PARAMETROS, VALORES, FACTOR, UNIDAD) VALUES (2, 280, '1|2|7', '3|3|10', 1.69, 's/m3');
INSERT INTO T_MAE_FACTOR_DATA (ID_FACTOR, ID_DETALLE, PARAMETROS, VALORES, FACTOR, UNIDAD) VALUES (2, 281, '1|2|7', '3|3|11', 1.8, 's/m3');
INSERT INTO T_MAE_FACTOR_DATA (ID_FACTOR, ID_DETALLE, PARAMETROS, VALORES, FACTOR, UNIDAD) VALUES (2, 282, '1|2|7', '3|3|12', 1.9, 's/m3');
INSERT INTO T_MAE_FACTOR_DATA (ID_FACTOR, ID_DETALLE, PARAMETROS, VALORES, FACTOR, UNIDAD) VALUES (2, 283, '1|2|7', '3|3|13', 1.8, 's/m3');
INSERT INTO T_MAE_FACTOR_DATA (ID_FACTOR, ID_DETALLE, PARAMETROS, VALORES, FACTOR, UNIDAD) VALUES (2, 284, '1|2|7', '3|3|14', 1.7, 's/m3');
INSERT INTO T_MAE_FACTOR_DATA (ID_FACTOR, ID_DETALLE, PARAMETROS, VALORES, FACTOR, UNIDAD) VALUES (2, 285, '1|2|7', '3|3|15', 1.545, 's/m3');
INSERT INTO T_MAE_FACTOR_DATA (ID_FACTOR, ID_DETALLE, PARAMETROS, VALORES, FACTOR, UNIDAD) VALUES (2, 286, '1|2|7', '3|3|16', 1.964, 's/m3');
INSERT INTO T_MAE_FACTOR_DATA (ID_FACTOR, ID_DETALLE, PARAMETROS, VALORES, FACTOR, UNIDAD) VALUES (2, 287, '1|2|7', '3|3|17', 1.506, 's/m3');
INSERT INTO T_MAE_FACTOR_DATA (ID_FACTOR, ID_DETALLE, PARAMETROS, VALORES, FACTOR, UNIDAD) VALUES (2, 288, '1|2|7', '3|3|18', 1.8, 's/m3');
INSERT INTO T_MAE_FACTOR_DATA (ID_FACTOR, ID_DETALLE, PARAMETROS, VALORES, FACTOR, UNIDAD) VALUES (2, 289, '1|2|7', '3|3|19', 1.69, 's/m3');
INSERT INTO T_MAE_FACTOR_DATA (ID_FACTOR, ID_DETALLE, PARAMETROS, VALORES, FACTOR, UNIDAD) VALUES (2, 290, '1|2|7', '3|3|20', 1.69, 's/m3');
INSERT INTO T_MAE_FACTOR_DATA (ID_FACTOR, ID_DETALLE, PARAMETROS, VALORES, FACTOR, UNIDAD) VALUES (2, 291, '1|2|7', '3|3|21', 1.69, 's/m3');
INSERT INTO T_MAE_FACTOR_DATA (ID_FACTOR, ID_DETALLE, PARAMETROS, VALORES, FACTOR, UNIDAD) VALUES (2, 292, '1|2|7', '3|3|22', 1.7, 's/m3');
INSERT INTO T_MAE_FACTOR_DATA (ID_FACTOR, ID_DETALLE, PARAMETROS, VALORES, FACTOR, UNIDAD) VALUES (2, 293, '1|2|7', '3|3|23', 1.8, 's/m3');
INSERT INTO T_MAE_FACTOR_DATA (ID_FACTOR, ID_DETALLE, PARAMETROS, VALORES, FACTOR, UNIDAD) VALUES (2, 294, '1|2|7', '3|3|24', 1.8, 's/m3');
INSERT INTO T_MAE_FACTOR_DATA (ID_FACTOR, ID_DETALLE, PARAMETROS, VALORES, FACTOR, UNIDAD) VALUES (2, 295, '1|2|7', '3|3|25', 1.69, 's/m3');
INSERT INTO T_MAE_FACTOR_DATA (ID_FACTOR, ID_DETALLE, PARAMETROS, VALORES, FACTOR, UNIDAD) VALUES (2, 296, '1|2|7', '3|3|26', 1.7, 's/m3');
INSERT INTO T_MAE_FACTOR_DATA (ID_FACTOR, ID_DETALLE, PARAMETROS, VALORES, FACTOR, UNIDAD) VALUES (2, 297, '1|2|7', '3|3|27', 1.69, 's/m3');

INSERT INTO T_MAE_FACTOR_DATA (ID_FACTOR, ID_DETALLE, PARAMETROS, VALORES, FACTOR, UNIDAD) VALUES (2, 298, '1|2|7', '3|4|1', 1.9, 's/l');
INSERT INTO T_MAE_FACTOR_DATA (ID_FACTOR, ID_DETALLE, PARAMETROS, VALORES, FACTOR, UNIDAD) VALUES (2, 299, '1|2|7', '3|4|2', 1.77, 's/l');
INSERT INTO T_MAE_FACTOR_DATA (ID_FACTOR, ID_DETALLE, PARAMETROS, VALORES, FACTOR, UNIDAD) VALUES (2, 300, '1|2|7', '3|4|3', 2.49, 's/l');
INSERT INTO T_MAE_FACTOR_DATA (ID_FACTOR, ID_DETALLE, PARAMETROS, VALORES, FACTOR, UNIDAD) VALUES (2, 301, '1|2|7', '3|4|4', 1.72, 's/l');
INSERT INTO T_MAE_FACTOR_DATA (ID_FACTOR, ID_DETALLE, PARAMETROS, VALORES, FACTOR, UNIDAD) VALUES (2, 302, '1|2|7', '3|4|5', 1.99, 's/l');
INSERT INTO T_MAE_FACTOR_DATA (ID_FACTOR, ID_DETALLE, PARAMETROS, VALORES, FACTOR, UNIDAD) VALUES (2, 303, '1|2|7', '3|4|6', 2.1, 's/l');
INSERT INTO T_MAE_FACTOR_DATA (ID_FACTOR, ID_DETALLE, PARAMETROS, VALORES, FACTOR, UNIDAD) VALUES (2, 304, '1|2|7', '3|4|7', 1.69, 's/l');
INSERT INTO T_MAE_FACTOR_DATA (ID_FACTOR, ID_DETALLE, PARAMETROS, VALORES, FACTOR, UNIDAD) VALUES (2, 305, '1|2|7', '3|4|8', 2.38, 's/l');
INSERT INTO T_MAE_FACTOR_DATA (ID_FACTOR, ID_DETALLE, PARAMETROS, VALORES, FACTOR, UNIDAD) VALUES (2, 306, '1|2|7', '3|4|9', 1.99, 's/l');
INSERT INTO T_MAE_FACTOR_DATA (ID_FACTOR, ID_DETALLE, PARAMETROS, VALORES, FACTOR, UNIDAD) VALUES (2, 307, '1|2|7', '3|4|10', 1.6, 's/l');
INSERT INTO T_MAE_FACTOR_DATA (ID_FACTOR, ID_DETALLE, PARAMETROS, VALORES, FACTOR, UNIDAD) VALUES (2, 308, '1|2|7', '3|4|11', 1.56, 's/l');
INSERT INTO T_MAE_FACTOR_DATA (ID_FACTOR, ID_DETALLE, PARAMETROS, VALORES, FACTOR, UNIDAD) VALUES (2, 309, '1|2|7', '3|4|12', 1.75, 's/l');
INSERT INTO T_MAE_FACTOR_DATA (ID_FACTOR, ID_DETALLE, PARAMETROS, VALORES, FACTOR, UNIDAD) VALUES (2, 310, '1|2|7', '3|4|13', 1.72, 's/l');
INSERT INTO T_MAE_FACTOR_DATA (ID_FACTOR, ID_DETALLE, PARAMETROS, VALORES, FACTOR, UNIDAD) VALUES (2, 311, '1|2|7', '3|4|14', 1.7, 's/l');
INSERT INTO T_MAE_FACTOR_DATA (ID_FACTOR, ID_DETALLE, PARAMETROS, VALORES, FACTOR, UNIDAD) VALUES (2, 312, '1|2|7', '3|4|15', 1.796, 's/l');
INSERT INTO T_MAE_FACTOR_DATA (ID_FACTOR, ID_DETALLE, PARAMETROS, VALORES, FACTOR, UNIDAD) VALUES (2, 313, '1|2|7', '3|4|16', 1.713, 's/l');
INSERT INTO T_MAE_FACTOR_DATA (ID_FACTOR, ID_DETALLE, PARAMETROS, VALORES, FACTOR, UNIDAD) VALUES (2, 314, '1|2|7', '3|4|17', 1.762, 's/l');
INSERT INTO T_MAE_FACTOR_DATA (ID_FACTOR, ID_DETALLE, PARAMETROS, VALORES, FACTOR, UNIDAD) VALUES (2, 315, '1|2|7', '3|4|18', 2, 's/l');
INSERT INTO T_MAE_FACTOR_DATA (ID_FACTOR, ID_DETALLE, PARAMETROS, VALORES, FACTOR, UNIDAD) VALUES (2, 316, '1|2|7', '3|4|19', 2.15, 's/gal');
INSERT INTO T_MAE_FACTOR_DATA (ID_FACTOR, ID_DETALLE, PARAMETROS, VALORES, FACTOR, UNIDAD) VALUES (2, 317, '1|2|7', '3|4|20', 1.9, 's/l');
INSERT INTO T_MAE_FACTOR_DATA (ID_FACTOR, ID_DETALLE, PARAMETROS, VALORES, FACTOR, UNIDAD) VALUES (2, 318, '1|2|7', '3|4|21', 1.78, 's/l');
INSERT INTO T_MAE_FACTOR_DATA (ID_FACTOR, ID_DETALLE, PARAMETROS, VALORES, FACTOR, UNIDAD) VALUES (2, 319, '1|2|7', '3|4|22', 1.8, 's/l');
INSERT INTO T_MAE_FACTOR_DATA (ID_FACTOR, ID_DETALLE, PARAMETROS, VALORES, FACTOR, UNIDAD) VALUES (2, 320, '1|2|7', '3|4|23', 2.6, 's/l');
INSERT INTO T_MAE_FACTOR_DATA (ID_FACTOR, ID_DETALLE, PARAMETROS, VALORES, FACTOR, UNIDAD) VALUES (2, 321, '1|2|7', '3|4|24', 1.8, 's/l');
INSERT INTO T_MAE_FACTOR_DATA (ID_FACTOR, ID_DETALLE, PARAMETROS, VALORES, FACTOR, UNIDAD) VALUES (2, 322, '1|2|7', '3|4|25', 1.77, 's/l');
INSERT INTO T_MAE_FACTOR_DATA (ID_FACTOR, ID_DETALLE, PARAMETROS, VALORES, FACTOR, UNIDAD) VALUES (2, 323, '1|2|7', '3|4|26', 2, 's/l');
INSERT INTO T_MAE_FACTOR_DATA (ID_FACTOR, ID_DETALLE, PARAMETROS, VALORES, FACTOR, UNIDAD) VALUES (2, 324, '1|2|7', '3|4|27', 1.8, 's/l');

INSERT INTO T_MAE_FACTOR_DATA (ID_FACTOR, ID_DETALLE, PARAMETROS, VALORES, FACTOR, UNIDAD) VALUES (2, 325, '1|2|7', '4|1|1', 13.475, 's/gal');
INSERT INTO T_MAE_FACTOR_DATA (ID_FACTOR, ID_DETALLE, PARAMETROS, VALORES, FACTOR, UNIDAD) VALUES (2, 326, '1|2|7', '4|1|2', 13.8, 's/gal');
INSERT INTO T_MAE_FACTOR_DATA (ID_FACTOR, ID_DETALLE, PARAMETROS, VALORES, FACTOR, UNIDAD) VALUES (2, 328, '1|2|7', '4|1|3', 12.805, 's/gal');
INSERT INTO T_MAE_FACTOR_DATA (ID_FACTOR, ID_DETALLE, PARAMETROS, VALORES, FACTOR, UNIDAD) VALUES (2, 329, '1|2|7', '4|1|4', 11.795, 's/gal');
INSERT INTO T_MAE_FACTOR_DATA (ID_FACTOR, ID_DETALLE, PARAMETROS, VALORES, FACTOR, UNIDAD) VALUES (2, 330, '1|2|7', '4|1|5', 11.995, 's/gal');
INSERT INTO T_MAE_FACTOR_DATA (ID_FACTOR, ID_DETALLE, PARAMETROS, VALORES, FACTOR, UNIDAD) VALUES (2, 331, '1|2|7', '4|1|6', 14.1, 's/gal');
INSERT INTO T_MAE_FACTOR_DATA (ID_FACTOR, ID_DETALLE, PARAMETROS, VALORES, FACTOR, UNIDAD) VALUES (2, 332, '1|2|7', '4|1|7', 11.92, 's/gal');
INSERT INTO T_MAE_FACTOR_DATA (ID_FACTOR, ID_DETALLE, PARAMETROS, VALORES, FACTOR, UNIDAD) VALUES (2, 333, '1|2|7', '4|1|8', 11.64, 's/gal');
INSERT INTO T_MAE_FACTOR_DATA (ID_FACTOR, ID_DETALLE, PARAMETROS, VALORES, FACTOR, UNIDAD) VALUES (2, 334, '1|2|7', '4|1|9', 13.3, 's/gal');
INSERT INTO T_MAE_FACTOR_DATA (ID_FACTOR, ID_DETALLE, PARAMETROS, VALORES, FACTOR, UNIDAD) VALUES (2, 335, '1|2|7', '4|1|10', 11.89, 's/gal');
INSERT INTO T_MAE_FACTOR_DATA (ID_FACTOR, ID_DETALLE, PARAMETROS, VALORES, FACTOR, UNIDAD) VALUES (2, 336, '1|2|7', '4|1|11', 12.015, 's/gal');
INSERT INTO T_MAE_FACTOR_DATA (ID_FACTOR, ID_DETALLE, PARAMETROS, VALORES, FACTOR, UNIDAD) VALUES (2, 337, '1|2|7', '4|1|12', 12.4, 's/gal');
INSERT INTO T_MAE_FACTOR_DATA (ID_FACTOR, ID_DETALLE, PARAMETROS, VALORES, FACTOR, UNIDAD) VALUES (2, 338, '1|2|7', '4|1|13', 12.615, 's/gal');
INSERT INTO T_MAE_FACTOR_DATA (ID_FACTOR, ID_DETALLE, PARAMETROS, VALORES, FACTOR, UNIDAD) VALUES (2, 339, '1|2|7', '4|1|14', 13.925, 's/gal');
INSERT INTO T_MAE_FACTOR_DATA (ID_FACTOR, ID_DETALLE, PARAMETROS, VALORES, FACTOR, UNIDAD) VALUES (2, 340, '1|2|7', '4|1|15', 12.761, 's/gal');
INSERT INTO T_MAE_FACTOR_DATA (ID_FACTOR, ID_DETALLE, PARAMETROS, VALORES, FACTOR, UNIDAD) VALUES (2, 341, '1|2|7', '4|1|16', 11.947, 's/gal');
INSERT INTO T_MAE_FACTOR_DATA (ID_FACTOR, ID_DETALLE, PARAMETROS, VALORES, FACTOR, UNIDAD) VALUES (2, 342, '1|2|7', '4|1|17', 12.794, 's/gal');
INSERT INTO T_MAE_FACTOR_DATA (ID_FACTOR, ID_DETALLE, PARAMETROS, VALORES, FACTOR, UNIDAD) VALUES (2, 343, '1|2|7', '4|1|18', 13.75, 's/gal');
INSERT INTO T_MAE_FACTOR_DATA (ID_FACTOR, ID_DETALLE, PARAMETROS, VALORES, FACTOR, UNIDAD) VALUES (2, 344, '1|2|7', '4|1|19', 14.35, 's/gal');
INSERT INTO T_MAE_FACTOR_DATA (ID_FACTOR, ID_DETALLE, PARAMETROS, VALORES, FACTOR, UNIDAD) VALUES (2, 345, '1|2|7', '4|1|20', 12.985, 's/gal');
INSERT INTO T_MAE_FACTOR_DATA (ID_FACTOR, ID_DETALLE, PARAMETROS, VALORES, FACTOR, UNIDAD) VALUES (2, 346, '1|2|7', '4|1|21', 12.125, 's/gal');
INSERT INTO T_MAE_FACTOR_DATA (ID_FACTOR, ID_DETALLE, PARAMETROS, VALORES, FACTOR, UNIDAD) VALUES (2, 347, '1|2|7', '4|1|22', 14.18, 's/gal');
INSERT INTO T_MAE_FACTOR_DATA (ID_FACTOR, ID_DETALLE, PARAMETROS, VALORES, FACTOR, UNIDAD) VALUES (2, 348, '1|2|7', '4|1|23', 13.925, 's/gal');
INSERT INTO T_MAE_FACTOR_DATA (ID_FACTOR, ID_DETALLE, PARAMETROS, VALORES, FACTOR, UNIDAD) VALUES (2, 349, '1|2|7', '4|1|24', 14.55, 's/gal');
INSERT INTO T_MAE_FACTOR_DATA (ID_FACTOR, ID_DETALLE, PARAMETROS, VALORES, FACTOR, UNIDAD) VALUES (2, 350, '1|2|7', '4|1|25', 14.3, 's/gal');
INSERT INTO T_MAE_FACTOR_DATA (ID_FACTOR, ID_DETALLE, PARAMETROS, VALORES, FACTOR, UNIDAD) VALUES (2, 351, '1|2|7', '4|1|26', 14.175, 's/gal');
INSERT INTO T_MAE_FACTOR_DATA (ID_FACTOR, ID_DETALLE, PARAMETROS, VALORES, FACTOR, UNIDAD) VALUES (2, 352, '1|2|7', '4|1|27', 12.29, 's/gal');

INSERT INTO T_MAE_FACTOR_DATA (ID_FACTOR, ID_DETALLE, PARAMETROS, VALORES, FACTOR, UNIDAD) VALUES (2, 353, '1|2|7', '4|2|1', 11, 's/gal');
INSERT INTO T_MAE_FACTOR_DATA (ID_FACTOR, ID_DETALLE, PARAMETROS, VALORES, FACTOR, UNIDAD) VALUES (2, 354, '1|2|7', '4|2|2', 12.5, 's/gal');
INSERT INTO T_MAE_FACTOR_DATA (ID_FACTOR, ID_DETALLE, PARAMETROS, VALORES, FACTOR, UNIDAD) VALUES (2, 355, '1|2|7', '4|2|3', 11.68, 's/gal');
INSERT INTO T_MAE_FACTOR_DATA (ID_FACTOR, ID_DETALLE, PARAMETROS, VALORES, FACTOR, UNIDAD) VALUES (2, 356, '1|2|7', '4|2|4', 10.45, 's/gal');
INSERT INTO T_MAE_FACTOR_DATA (ID_FACTOR, ID_DETALLE, PARAMETROS, VALORES, FACTOR, UNIDAD) VALUES (2, 357, '1|2|7', '4|2|5', 11.5, 's/gal');
INSERT INTO T_MAE_FACTOR_DATA (ID_FACTOR, ID_DETALLE, PARAMETROS, VALORES, FACTOR, UNIDAD) VALUES (2, 358, '1|2|7', '4|2|6', 13, 's/gal');
INSERT INTO T_MAE_FACTOR_DATA (ID_FACTOR, ID_DETALLE, PARAMETROS, VALORES, FACTOR, UNIDAD) VALUES (2, 359, '1|2|7', '4|2|7', 10.89, 's/gal');
INSERT INTO T_MAE_FACTOR_DATA (ID_FACTOR, ID_DETALLE, PARAMETROS, VALORES, FACTOR, UNIDAD) VALUES (2, 360, '1|2|7', '4|2|8', 11.29, 's/gal');
INSERT INTO T_MAE_FACTOR_DATA (ID_FACTOR, ID_DETALLE, PARAMETROS, VALORES, FACTOR, UNIDAD) VALUES (2, 361, '1|2|7', '4|2|9', 13.1, 's/gal');
INSERT INTO T_MAE_FACTOR_DATA (ID_FACTOR, ID_DETALLE, PARAMETROS, VALORES, FACTOR, UNIDAD) VALUES (2, 362, '1|2|7', '4|2|10', 10.99, 's/gal');
INSERT INTO T_MAE_FACTOR_DATA (ID_FACTOR, ID_DETALLE, PARAMETROS, VALORES, FACTOR, UNIDAD) VALUES (2, 363, '1|2|7', '4|2|11', 11.49, 's/gal');
INSERT INTO T_MAE_FACTOR_DATA (ID_FACTOR, ID_DETALLE, PARAMETROS, VALORES, FACTOR, UNIDAD) VALUES (2, 364, '1|2|7', '4|2|12', 11.69, 's/gal');
INSERT INTO T_MAE_FACTOR_DATA (ID_FACTOR, ID_DETALLE, PARAMETROS, VALORES, FACTOR, UNIDAD) VALUES (2, 365, '1|2|7', '4|2|13', 11.1, 's/gal');
INSERT INTO T_MAE_FACTOR_DATA (ID_FACTOR, ID_DETALLE, PARAMETROS, VALORES, FACTOR, UNIDAD) VALUES (2, 366, '1|2|7', '4|2|14', 11.85, 's/gal');
INSERT INTO T_MAE_FACTOR_DATA (ID_FACTOR, ID_DETALLE, PARAMETROS, VALORES, FACTOR, UNIDAD) VALUES (2, 367, '1|2|7', '4|2|15', 11.869, 's/gal');
INSERT INTO T_MAE_FACTOR_DATA (ID_FACTOR, ID_DETALLE, PARAMETROS, VALORES, FACTOR, UNIDAD) VALUES (2, 368, '1|2|7', '4|2|16', 11.239, 's/gal');
INSERT INTO T_MAE_FACTOR_DATA (ID_FACTOR, ID_DETALLE, PARAMETROS, VALORES, FACTOR, UNIDAD) VALUES (2, 369, '1|2|7', '4|2|17', 12.207, 's/gal');
INSERT INTO T_MAE_FACTOR_DATA (ID_FACTOR, ID_DETALLE, PARAMETROS, VALORES, FACTOR, UNIDAD) VALUES (2, 370, '1|2|7', '4|2|18', 10, 's/gal');
INSERT INTO T_MAE_FACTOR_DATA (ID_FACTOR, ID_DETALLE, PARAMETROS, VALORES, FACTOR, UNIDAD) VALUES (2, 371, '1|2|7', '4|2|19', 10.3, 's/gal');
INSERT INTO T_MAE_FACTOR_DATA (ID_FACTOR, ID_DETALLE, PARAMETROS, VALORES, FACTOR, UNIDAD) VALUES (2, 372, '1|2|7', '4|2|20', 11.95, 's/gal');
INSERT INTO T_MAE_FACTOR_DATA (ID_FACTOR, ID_DETALLE, PARAMETROS, VALORES, FACTOR, UNIDAD) VALUES (2, 373, '1|2|7', '4|2|21', 11.45, 's/gal');
INSERT INTO T_MAE_FACTOR_DATA (ID_FACTOR, ID_DETALLE, PARAMETROS, VALORES, FACTOR, UNIDAD) VALUES (2, 374, '1|2|7', '4|2|22', 12.55, 's/gal');
INSERT INTO T_MAE_FACTOR_DATA (ID_FACTOR, ID_DETALLE, PARAMETROS, VALORES, FACTOR, UNIDAD) VALUES (2, 375, '1|2|7', '4|2|23', 11.69, 's/gal');
INSERT INTO T_MAE_FACTOR_DATA (ID_FACTOR, ID_DETALLE, PARAMETROS, VALORES, FACTOR, UNIDAD) VALUES (2, 376, '1|2|7', '4|2|24', 13.4, 's/gal');
INSERT INTO T_MAE_FACTOR_DATA (ID_FACTOR, ID_DETALLE, PARAMETROS, VALORES, FACTOR, UNIDAD) VALUES (2, 377, '1|2|7', '4|2|25', 12.3, 's/gal');
INSERT INTO T_MAE_FACTOR_DATA (ID_FACTOR, ID_DETALLE, PARAMETROS, VALORES, FACTOR, UNIDAD) VALUES (2, 378, '1|2|7', '4|2|26', 12.8, 's/gal');
INSERT INTO T_MAE_FACTOR_DATA (ID_FACTOR, ID_DETALLE, PARAMETROS, VALORES, FACTOR, UNIDAD) VALUES (2, 379, '1|2|7', '4|2|27', 9.1, 's/gal');

INSERT INTO T_MAE_FACTOR_DATA (ID_FACTOR, ID_DETALLE, PARAMETROS, VALORES, FACTOR, UNIDAD) VALUES (2, 380, '1|2|7', '4|3|1', 1.8, 's/m3');
INSERT INTO T_MAE_FACTOR_DATA (ID_FACTOR, ID_DETALLE, PARAMETROS, VALORES, FACTOR, UNIDAD) VALUES (2, 381, '1|2|7', '4|3|2', 1.9, 's/m3');
INSERT INTO T_MAE_FACTOR_DATA (ID_FACTOR, ID_DETALLE, PARAMETROS, VALORES, FACTOR, UNIDAD) VALUES (2, 382, '1|2|7', '4|3|3', 1.8, 's/m3');
INSERT INTO T_MAE_FACTOR_DATA (ID_FACTOR, ID_DETALLE, PARAMETROS, VALORES, FACTOR, UNIDAD) VALUES (2, 383, '1|2|7', '4|3|4', 1.8, 's/m3');
INSERT INTO T_MAE_FACTOR_DATA (ID_FACTOR, ID_DETALLE, PARAMETROS, VALORES, FACTOR, UNIDAD) VALUES (2, 384, '1|2|7', '4|3|5', 1.8, 's/m3');
INSERT INTO T_MAE_FACTOR_DATA (ID_FACTOR, ID_DETALLE, PARAMETROS, VALORES, FACTOR, UNIDAD) VALUES (2, 385, '1|2|7', '4|3|6', 1.8, 's/m3');
INSERT INTO T_MAE_FACTOR_DATA (ID_FACTOR, ID_DETALLE, PARAMETROS, VALORES, FACTOR, UNIDAD) VALUES (2, 386, '1|2|7', '4|3|7', 1.5, 's/m3');
INSERT INTO T_MAE_FACTOR_DATA (ID_FACTOR, ID_DETALLE, PARAMETROS, VALORES, FACTOR, UNIDAD) VALUES (2, 387, '1|2|7', '4|3|8', 1.8, 's/m3');
INSERT INTO T_MAE_FACTOR_DATA (ID_FACTOR, ID_DETALLE, PARAMETROS, VALORES, FACTOR, UNIDAD) VALUES (2, 388, '1|2|7', '4|3|9', 1.69, 's/m3');
INSERT INTO T_MAE_FACTOR_DATA (ID_FACTOR, ID_DETALLE, PARAMETROS, VALORES, FACTOR, UNIDAD) VALUES (2, 389, '1|2|7', '4|3|10', 1.69, 's/m3');
INSERT INTO T_MAE_FACTOR_DATA (ID_FACTOR, ID_DETALLE, PARAMETROS, VALORES, FACTOR, UNIDAD) VALUES (2, 390, '1|2|7', '4|3|11', 1.8, 's/m3');
INSERT INTO T_MAE_FACTOR_DATA (ID_FACTOR, ID_DETALLE, PARAMETROS, VALORES, FACTOR, UNIDAD) VALUES (2, 391, '1|2|7', '4|3|12', 1.9, 's/m3');
INSERT INTO T_MAE_FACTOR_DATA (ID_FACTOR, ID_DETALLE, PARAMETROS, VALORES, FACTOR, UNIDAD) VALUES (2, 392, '1|2|7', '4|3|13', 1.8, 's/m3');
INSERT INTO T_MAE_FACTOR_DATA (ID_FACTOR, ID_DETALLE, PARAMETROS, VALORES, FACTOR, UNIDAD) VALUES (2, 393, '1|2|7', '4|3|14', 1.7, 's/m3');
INSERT INTO T_MAE_FACTOR_DATA (ID_FACTOR, ID_DETALLE, PARAMETROS, VALORES, FACTOR, UNIDAD) VALUES (2, 394, '1|2|7', '4|3|15', 1.545, 's/m3');
INSERT INTO T_MAE_FACTOR_DATA (ID_FACTOR, ID_DETALLE, PARAMETROS, VALORES, FACTOR, UNIDAD) VALUES (2, 395, '1|2|7', '4|3|16', 1.964, 's/m3');
INSERT INTO T_MAE_FACTOR_DATA (ID_FACTOR, ID_DETALLE, PARAMETROS, VALORES, FACTOR, UNIDAD) VALUES (2, 396, '1|2|7', '4|3|17', 1.506, 's/m3');
INSERT INTO T_MAE_FACTOR_DATA (ID_FACTOR, ID_DETALLE, PARAMETROS, VALORES, FACTOR, UNIDAD) VALUES (2, 397, '1|2|7', '4|3|18', 1.8, 's/m3');
INSERT INTO T_MAE_FACTOR_DATA (ID_FACTOR, ID_DETALLE, PARAMETROS, VALORES, FACTOR, UNIDAD) VALUES (2, 398, '1|2|7', '4|3|19', 1.69, 's/m3');
INSERT INTO T_MAE_FACTOR_DATA (ID_FACTOR, ID_DETALLE, PARAMETROS, VALORES, FACTOR, UNIDAD) VALUES (2, 399, '1|2|7', '4|3|20', 1.69, 's/m3');
INSERT INTO T_MAE_FACTOR_DATA (ID_FACTOR, ID_DETALLE, PARAMETROS, VALORES, FACTOR, UNIDAD) VALUES (2, 400, '1|2|7', '4|3|21', 1.69, 's/m3');
INSERT INTO T_MAE_FACTOR_DATA (ID_FACTOR, ID_DETALLE, PARAMETROS, VALORES, FACTOR, UNIDAD) VALUES (2, 401, '1|2|7', '4|3|22', 1.7, 's/m3');
INSERT INTO T_MAE_FACTOR_DATA (ID_FACTOR, ID_DETALLE, PARAMETROS, VALORES, FACTOR, UNIDAD) VALUES (2, 402, '1|2|7', '4|3|23', 1.8, 's/m3');
INSERT INTO T_MAE_FACTOR_DATA (ID_FACTOR, ID_DETALLE, PARAMETROS, VALORES, FACTOR, UNIDAD) VALUES (2, 403, '1|2|7', '4|3|24', 1.8, 's/m3');
INSERT INTO T_MAE_FACTOR_DATA (ID_FACTOR, ID_DETALLE, PARAMETROS, VALORES, FACTOR, UNIDAD) VALUES (2, 404, '1|2|7', '4|3|25', 1.69, 's/m3');
INSERT INTO T_MAE_FACTOR_DATA (ID_FACTOR, ID_DETALLE, PARAMETROS, VALORES, FACTOR, UNIDAD) VALUES (2, 405, '1|2|7', '4|3|26', 1.7, 's/m3');
INSERT INTO T_MAE_FACTOR_DATA (ID_FACTOR, ID_DETALLE, PARAMETROS, VALORES, FACTOR, UNIDAD) VALUES (2, 406, '1|2|7', '4|3|27', 1.69, 's/m3');

INSERT INTO T_MAE_FACTOR_DATA (ID_FACTOR, ID_DETALLE, PARAMETROS, VALORES, FACTOR, UNIDAD) VALUES (2, 407, '1|2|7', '4|4|1', 1.9, 's/l');
INSERT INTO T_MAE_FACTOR_DATA (ID_FACTOR, ID_DETALLE, PARAMETROS, VALORES, FACTOR, UNIDAD) VALUES (2, 408, '1|2|7', '4|4|2', 1.77, 's/l');
INSERT INTO T_MAE_FACTOR_DATA (ID_FACTOR, ID_DETALLE, PARAMETROS, VALORES, FACTOR, UNIDAD) VALUES (2, 409, '1|2|7', '4|4|3', 2.49, 's/l');
INSERT INTO T_MAE_FACTOR_DATA (ID_FACTOR, ID_DETALLE, PARAMETROS, VALORES, FACTOR, UNIDAD) VALUES (2, 410, '1|2|7', '4|4|4', 1.72, 's/l');
INSERT INTO T_MAE_FACTOR_DATA (ID_FACTOR, ID_DETALLE, PARAMETROS, VALORES, FACTOR, UNIDAD) VALUES (2, 411, '1|2|7', '4|4|5', 1.99, 's/l');
INSERT INTO T_MAE_FACTOR_DATA (ID_FACTOR, ID_DETALLE, PARAMETROS, VALORES, FACTOR, UNIDAD) VALUES (2, 412, '1|2|7', '4|4|6', 2.1, 's/l');
INSERT INTO T_MAE_FACTOR_DATA (ID_FACTOR, ID_DETALLE, PARAMETROS, VALORES, FACTOR, UNIDAD) VALUES (2, 413, '1|2|7', '4|4|7', 1.69, 's/l');
INSERT INTO T_MAE_FACTOR_DATA (ID_FACTOR, ID_DETALLE, PARAMETROS, VALORES, FACTOR, UNIDAD) VALUES (2, 414, '1|2|7', '4|4|8', 2.38, 's/l');
INSERT INTO T_MAE_FACTOR_DATA (ID_FACTOR, ID_DETALLE, PARAMETROS, VALORES, FACTOR, UNIDAD) VALUES (2, 415, '1|2|7', '4|4|9', 1.99, 's/l');
INSERT INTO T_MAE_FACTOR_DATA (ID_FACTOR, ID_DETALLE, PARAMETROS, VALORES, FACTOR, UNIDAD) VALUES (2, 416, '1|2|7', '4|4|10', 1.6, 's/l');
INSERT INTO T_MAE_FACTOR_DATA (ID_FACTOR, ID_DETALLE, PARAMETROS, VALORES, FACTOR, UNIDAD) VALUES (2, 417, '1|2|7', '4|4|11', 1.56, 's/l');
INSERT INTO T_MAE_FACTOR_DATA (ID_FACTOR, ID_DETALLE, PARAMETROS, VALORES, FACTOR, UNIDAD) VALUES (2, 418, '1|2|7', '4|4|12', 1.75, 's/l');
INSERT INTO T_MAE_FACTOR_DATA (ID_FACTOR, ID_DETALLE, PARAMETROS, VALORES, FACTOR, UNIDAD) VALUES (2, 419, '1|2|7', '4|4|13', 1.72, 's/l');
INSERT INTO T_MAE_FACTOR_DATA (ID_FACTOR, ID_DETALLE, PARAMETROS, VALORES, FACTOR, UNIDAD) VALUES (2, 420, '1|2|7', '4|4|14', 1.7, 's/l');
INSERT INTO T_MAE_FACTOR_DATA (ID_FACTOR, ID_DETALLE, PARAMETROS, VALORES, FACTOR, UNIDAD) VALUES (2, 421, '1|2|7', '4|4|15', 1.796, 's/l');
INSERT INTO T_MAE_FACTOR_DATA (ID_FACTOR, ID_DETALLE, PARAMETROS, VALORES, FACTOR, UNIDAD) VALUES (2, 422, '1|2|7', '4|4|16', 1.713, 's/l');
INSERT INTO T_MAE_FACTOR_DATA (ID_FACTOR, ID_DETALLE, PARAMETROS, VALORES, FACTOR, UNIDAD) VALUES (2, 423, '1|2|7', '4|4|17', 1.762, 's/l');
INSERT INTO T_MAE_FACTOR_DATA (ID_FACTOR, ID_DETALLE, PARAMETROS, VALORES, FACTOR, UNIDAD) VALUES (2, 424, '1|2|7', '4|4|18', 2, 's/l');
INSERT INTO T_MAE_FACTOR_DATA (ID_FACTOR, ID_DETALLE, PARAMETROS, VALORES, FACTOR, UNIDAD) VALUES (2, 425, '1|2|7', '4|4|19', 2.15, 's/gal');
INSERT INTO T_MAE_FACTOR_DATA (ID_FACTOR, ID_DETALLE, PARAMETROS, VALORES, FACTOR, UNIDAD) VALUES (2, 426, '1|2|7', '4|4|20', 1.9, 's/l');
INSERT INTO T_MAE_FACTOR_DATA (ID_FACTOR, ID_DETALLE, PARAMETROS, VALORES, FACTOR, UNIDAD) VALUES (2, 427, '1|2|7', '4|4|21', 1.78, 's/l');
INSERT INTO T_MAE_FACTOR_DATA (ID_FACTOR, ID_DETALLE, PARAMETROS, VALORES, FACTOR, UNIDAD) VALUES (2, 428, '1|2|7', '4|4|22', 1.8, 's/l');
INSERT INTO T_MAE_FACTOR_DATA (ID_FACTOR, ID_DETALLE, PARAMETROS, VALORES, FACTOR, UNIDAD) VALUES (2, 429, '1|2|7', '4|4|23', 2.6, 's/l');
INSERT INTO T_MAE_FACTOR_DATA (ID_FACTOR, ID_DETALLE, PARAMETROS, VALORES, FACTOR, UNIDAD) VALUES (2, 430, '1|2|7', '4|4|24', 1.8, 's/l');
INSERT INTO T_MAE_FACTOR_DATA (ID_FACTOR, ID_DETALLE, PARAMETROS, VALORES, FACTOR, UNIDAD) VALUES (2, 431, '1|2|7', '4|4|25', 1.77, 's/l');
INSERT INTO T_MAE_FACTOR_DATA (ID_FACTOR, ID_DETALLE, PARAMETROS, VALORES, FACTOR, UNIDAD) VALUES (2, 432, '1|2|7', '4|4|26', 2, 's/l');
INSERT INTO T_MAE_FACTOR_DATA (ID_FACTOR, ID_DETALLE, PARAMETROS, VALORES, FACTOR, UNIDAD) VALUES (2, 433, '1|2|7', '4|4|27', 1.8, 's/l');

INSERT INTO T_MAE_FACTOR_DATA (ID_FACTOR, ID_DETALLE, PARAMETROS, VALORES, FACTOR, UNIDAD) VALUES (3, 1, '1|2', '1|1', 0.19368280489294, 'kgCO2e/km');
INSERT INTO T_MAE_FACTOR_DATA (ID_FACTOR, ID_DETALLE, PARAMETROS, VALORES, FACTOR, UNIDAD) VALUES (3, 2, '1|2', '1|2', 0.23241936587153, 'kgCO2e/km');
INSERT INTO T_MAE_FACTOR_DATA (ID_FACTOR, ID_DETALLE, PARAMETROS, VALORES, FACTOR, UNIDAD) VALUES (3, 3, '1|2', '1|3', 0.18735811167423, 'kgCO2e/km');
INSERT INTO T_MAE_FACTOR_DATA (ID_FACTOR, ID_DETALLE, PARAMETROS, VALORES, FACTOR, UNIDAD) VALUES (3, 4, '1|2', '1|4', 0.17469609729994, 'kgCO2e/km');
INSERT INTO T_MAE_FACTOR_DATA (ID_FACTOR, ID_DETALLE, PARAMETROS, VALORES, FACTOR, UNIDAD) VALUES (3, 5, '1|2', '2|1', 0.19368280489294, 'kgCO2e/km');
INSERT INTO T_MAE_FACTOR_DATA (ID_FACTOR, ID_DETALLE, PARAMETROS, VALORES, FACTOR, UNIDAD) VALUES (3, 6, '1|2', '2|2', 0.23241936587153, 'kgCO2e/km');
INSERT INTO T_MAE_FACTOR_DATA (ID_FACTOR, ID_DETALLE, PARAMETROS, VALORES, FACTOR, UNIDAD) VALUES (3, 7, '1|2', '2|3', 0.18735811167423, 'kgCO2e/km');
INSERT INTO T_MAE_FACTOR_DATA (ID_FACTOR, ID_DETALLE, PARAMETROS, VALORES, FACTOR, UNIDAD) VALUES (3, 8, '1|2', '2|4', 0.17469609729994, 'kgCO2e/km');
INSERT INTO T_MAE_FACTOR_DATA (ID_FACTOR, ID_DETALLE, PARAMETROS, VALORES, FACTOR, UNIDAD) VALUES (3, 9, '1|2', '3|1', 0.19368280489294, 'kgCO2e/km');
INSERT INTO T_MAE_FACTOR_DATA (ID_FACTOR, ID_DETALLE, PARAMETROS, VALORES, FACTOR, UNIDAD) VALUES (3, 10, '1|2', '3|2', 0.23241936587153, 'kgCO2e/km');
INSERT INTO T_MAE_FACTOR_DATA (ID_FACTOR, ID_DETALLE, PARAMETROS, VALORES, FACTOR, UNIDAD) VALUES (3, 11, '1|2', '3|3', 0.18735811167423, 'kgCO2e/km');
INSERT INTO T_MAE_FACTOR_DATA (ID_FACTOR, ID_DETALLE, PARAMETROS, VALORES, FACTOR, UNIDAD) VALUES (3, 12, '1|2', '3|4', 0.17469609729994, 'kgCO2e/km');
INSERT INTO T_MAE_FACTOR_DATA (ID_FACTOR, ID_DETALLE, PARAMETROS, VALORES, FACTOR, UNIDAD) VALUES (3, 13, '1|2', '4|1', 0.19368280489294, 'kgCO2e/km');
INSERT INTO T_MAE_FACTOR_DATA (ID_FACTOR, ID_DETALLE, PARAMETROS, VALORES, FACTOR, UNIDAD) VALUES (3, 14, '1|2', '4|2', 0.23241936587153, 'kgCO2e/km');
INSERT INTO T_MAE_FACTOR_DATA (ID_FACTOR, ID_DETALLE, PARAMETROS, VALORES, FACTOR, UNIDAD) VALUES (3, 15, '1|2', '4|3', 0.18735811167423, 'kgCO2e/km');
INSERT INTO T_MAE_FACTOR_DATA (ID_FACTOR, ID_DETALLE, PARAMETROS, VALORES, FACTOR, UNIDAD) VALUES (3, 16, '1|2', '4|4', 0.17469609729994, 'kgCO2e/km');

INSERT INTO T_MAE_FACTOR_DATA (ID_FACTOR, ID_DETALLE, PARAMETROS, VALORES, FACTOR, UNIDAD) VALUES (4, 1, '1|2', '1|1', 72500, 'soles');
INSERT INTO T_MAE_FACTOR_DATA (ID_FACTOR, ID_DETALLE, PARAMETROS, VALORES, FACTOR, UNIDAD) VALUES (4, 2, '1|2', '1|2', 104400, 'soles');
INSERT INTO T_MAE_FACTOR_DATA (ID_FACTOR, ID_DETALLE, PARAMETROS, VALORES, FACTOR, UNIDAD) VALUES (4, 3, '1|2', '1|3', 75000, 'soles');
INSERT INTO T_MAE_FACTOR_DATA (ID_FACTOR, ID_DETALLE, PARAMETROS, VALORES, FACTOR, UNIDAD) VALUES (4, 4, '1|2', '1|4', 75000, 'soles');
INSERT INTO T_MAE_FACTOR_DATA (ID_FACTOR, ID_DETALLE, PARAMETROS, VALORES, FACTOR, UNIDAD) VALUES (4, 5, '1|2', '2|1', 87000, 'soles');
INSERT INTO T_MAE_FACTOR_DATA (ID_FACTOR, ID_DETALLE, PARAMETROS, VALORES, FACTOR, UNIDAD) VALUES (4, 6, '1|2', '2|2', 125280, 'soles');
INSERT INTO T_MAE_FACTOR_DATA (ID_FACTOR, ID_DETALLE, PARAMETROS, VALORES, FACTOR, UNIDAD) VALUES (4, 7, '1|2', '2|3', 90000, 'soles');
INSERT INTO T_MAE_FACTOR_DATA (ID_FACTOR, ID_DETALLE, PARAMETROS, VALORES, FACTOR, UNIDAD) VALUES (4, 8, '1|2', '2|4', 90000, 'soles');
INSERT INTO T_MAE_FACTOR_DATA (ID_FACTOR, ID_DETALLE, PARAMETROS, VALORES, FACTOR, UNIDAD) VALUES (4, 9, '1|2', '3|1', 36250, 'soles');
INSERT INTO T_MAE_FACTOR_DATA (ID_FACTOR, ID_DETALLE, PARAMETROS, VALORES, FACTOR, UNIDAD) VALUES (4, 10, '1|2', '3|2', 52200, 'soles');
INSERT INTO T_MAE_FACTOR_DATA (ID_FACTOR, ID_DETALLE, PARAMETROS, VALORES, FACTOR, UNIDAD) VALUES (4, 11, '1|2', '3|3', 37500, 'soles');
INSERT INTO T_MAE_FACTOR_DATA (ID_FACTOR, ID_DETALLE, PARAMETROS, VALORES, FACTOR, UNIDAD) VALUES (4, 12, '1|2', '3|4', 37500, 'soles');
INSERT INTO T_MAE_FACTOR_DATA (ID_FACTOR, ID_DETALLE, PARAMETROS, VALORES, FACTOR, UNIDAD) VALUES (4, 13, '1|2', '4|1', 43500, 'soles');
INSERT INTO T_MAE_FACTOR_DATA (ID_FACTOR, ID_DETALLE, PARAMETROS, VALORES, FACTOR, UNIDAD) VALUES (4, 14, '1|2', '4|2', 62640, 'soles');
INSERT INTO T_MAE_FACTOR_DATA (ID_FACTOR, ID_DETALLE, PARAMETROS, VALORES, FACTOR, UNIDAD) VALUES (4, 15, '1|2', '4|3', 45000, 'soles');
INSERT INTO T_MAE_FACTOR_DATA (ID_FACTOR, ID_DETALLE, PARAMETROS, VALORES, FACTOR, UNIDAD) VALUES (4, 16, '1|2', '4|4', 45000, 'soles');

INSERT INTO T_MAE_FACTOR_DATA (ID_FACTOR, ID_DETALLE, PARAMETROS, VALORES, FACTOR, UNIDAD) VALUES (5, 1, '3', '1', 0, 'km/kWh');
INSERT INTO T_MAE_FACTOR_DATA (ID_FACTOR, ID_DETALLE, PARAMETROS, VALORES, FACTOR, UNIDAD) VALUES (5, 2, '3', '2', 30, 'km/kWh');
INSERT INTO T_MAE_FACTOR_DATA (ID_FACTOR, ID_DETALLE, PARAMETROS, VALORES, FACTOR, UNIDAD) VALUES (5, 3, '3', '3', 20, 'km/kWh');
INSERT INTO T_MAE_FACTOR_DATA (ID_FACTOR, ID_DETALLE, PARAMETROS, VALORES, FACTOR, UNIDAD) VALUES (5, 4, '3', '4', 70, 'km/kWh');

INSERT INTO T_MAE_FACTOR_DATA (ID_FACTOR, ID_DETALLE, PARAMETROS, VALORES, FACTOR, UNIDAD) VALUES (6, 1, '4', '1', 8.8, 'km/kWh');
INSERT INTO T_MAE_FACTOR_DATA (ID_FACTOR, ID_DETALLE, PARAMETROS, VALORES, FACTOR, UNIDAD) VALUES (6, 2, '4', '2', 10, 'km/kWh');
INSERT INTO T_MAE_FACTOR_DATA (ID_FACTOR, ID_DETALLE, PARAMETROS, VALORES, FACTOR, UNIDAD) VALUES (6, 3, '4', '3', 9, 'km/kWh');
INSERT INTO T_MAE_FACTOR_DATA (ID_FACTOR, ID_DETALLE, PARAMETROS, VALORES, FACTOR, UNIDAD) VALUES (6, 4, '4', '4', 7, 'km/kWh');
INSERT INTO T_MAE_FACTOR_DATA (ID_FACTOR, ID_DETALLE, PARAMETROS, VALORES, FACTOR, UNIDAD) VALUES (6, 5, '4', '5', 9, 'km/kWh');

INSERT INTO T_MAE_FACTOR_DATA (ID_FACTOR, ID_DETALLE, PARAMETROS, VALORES, FACTOR, UNIDAD) VALUES (7, 1, '3', '1', 0, 'km/kWh');
INSERT INTO T_MAE_FACTOR_DATA (ID_FACTOR, ID_DETALLE, PARAMETROS, VALORES, FACTOR, UNIDAD) VALUES (7, 2, '3', '2', 12000, 'km/kWh');
INSERT INTO T_MAE_FACTOR_DATA (ID_FACTOR, ID_DETALLE, PARAMETROS, VALORES, FACTOR, UNIDAD) VALUES (7, 3, '3', '3', 3000, 'km/kWh');
INSERT INTO T_MAE_FACTOR_DATA (ID_FACTOR, ID_DETALLE, PARAMETROS, VALORES, FACTOR, UNIDAD) VALUES (7, 4, '3', '4', 4000, 'km/kWh');

INSERT INTO T_MAE_FACTOR_DATA (ID_FACTOR, ID_DETALLE, PARAMETROS, VALORES, FACTOR, UNIDAD) VALUES (8, 1, '4', '1', 142500, 'km/kWh');
INSERT INTO T_MAE_FACTOR_DATA (ID_FACTOR, ID_DETALLE, PARAMETROS, VALORES, FACTOR, UNIDAD) VALUES (8, 2, '4', '2', 285000, 'km/kWh');
INSERT INTO T_MAE_FACTOR_DATA (ID_FACTOR, ID_DETALLE, PARAMETROS, VALORES, FACTOR, UNIDAD) VALUES (8, 3, '4', '3', 114000, 'km/kWh');
INSERT INTO T_MAE_FACTOR_DATA (ID_FACTOR, ID_DETALLE, PARAMETROS, VALORES, FACTOR, UNIDAD) VALUES (8, 4, '4', '4', 156750, 'km/kWh');
INSERT INTO T_MAE_FACTOR_DATA (ID_FACTOR, ID_DETALLE, PARAMETROS, VALORES, FACTOR, UNIDAD) VALUES (8, 5, '4', '5', 128250, 'km/kWh');

INSERT INTO T_MAE_FACTOR_DATA (ID_FACTOR, ID_DETALLE, PARAMETROS, VALORES, FACTOR, UNIDAD) VALUES (9, 1, '3', '1', 0, 'km/kWh');
INSERT INTO T_MAE_FACTOR_DATA (ID_FACTOR, ID_DETALLE, PARAMETROS, VALORES, FACTOR, UNIDAD) VALUES (9, 2, '3', '2', 12, 'km/kWh');
INSERT INTO T_MAE_FACTOR_DATA (ID_FACTOR, ID_DETALLE, PARAMETROS, VALORES, FACTOR, UNIDAD) VALUES (9, 3, '3', '3', 2, 'km/kWh');
INSERT INTO T_MAE_FACTOR_DATA (ID_FACTOR, ID_DETALLE, PARAMETROS, VALORES, FACTOR, UNIDAD) VALUES (9, 4, '3', '4', 1, 'km/kWh');

INSERT INTO T_MAE_FACTOR_DATA (ID_FACTOR, ID_DETALLE, PARAMETROS, VALORES, FACTOR, UNIDAD) VALUES (10, 1, '4', '1', 34, 'km/kWh');
INSERT INTO T_MAE_FACTOR_DATA (ID_FACTOR, ID_DETALLE, PARAMETROS, VALORES, FACTOR, UNIDAD) VALUES (10, 2, '4', '2', 70, 'km/kWh');
INSERT INTO T_MAE_FACTOR_DATA (ID_FACTOR, ID_DETALLE, PARAMETROS, VALORES, FACTOR, UNIDAD) VALUES (10, 3, '4', '3', 24, 'km/kWh');
INSERT INTO T_MAE_FACTOR_DATA (ID_FACTOR, ID_DETALLE, PARAMETROS, VALORES, FACTOR, UNIDAD) VALUES (10, 4, '4', '4', 32, 'km/kWh');
INSERT INTO T_MAE_FACTOR_DATA (ID_FACTOR, ID_DETALLE, PARAMETROS, VALORES, FACTOR, UNIDAD) VALUES (10, 5, '4', '5', 25, 'km/kWh');

INSERT INTO T_MAE_FACTOR_DATA (ID_FACTOR, ID_DETALLE, PARAMETROS, VALORES, FACTOR, UNIDAD) VALUES (11, 1, '5|6', '1|1', 3000, 'soles');
INSERT INTO T_MAE_FACTOR_DATA (ID_FACTOR, ID_DETALLE, PARAMETROS, VALORES, FACTOR, UNIDAD) VALUES (11, 2, '5|6', '1|2', 4500, 'soles');

INSERT INTO T_MAE_FACTOR_DATA (ID_FACTOR, ID_DETALLE, PARAMETROS, VALORES, FACTOR, UNIDAD) VALUES (12, 1, '5|6', '1|1', 600, 'soles');
INSERT INTO T_MAE_FACTOR_DATA (ID_FACTOR, ID_DETALLE, PARAMETROS, VALORES, FACTOR, UNIDAD) VALUES (12, 2, '5|6', '1|2', 900, 'soles');

INSERT INTO T_MAE_FACTOR_DATA (ID_FACTOR, ID_DETALLE, PARAMETROS, VALORES, FACTOR, UNIDAD) VALUES (13, 1, '7', '1', 62.38, 'soles');
INSERT INTO T_MAE_FACTOR_DATA (ID_FACTOR, ID_DETALLE, PARAMETROS, VALORES, FACTOR, UNIDAD) VALUES (13, 2, '7', '2', 61.17, 'soles');
INSERT INTO T_MAE_FACTOR_DATA (ID_FACTOR, ID_DETALLE, PARAMETROS, VALORES, FACTOR, UNIDAD) VALUES (13, 3, '7', '3', 62.38, 'soles');
INSERT INTO T_MAE_FACTOR_DATA (ID_FACTOR, ID_DETALLE, PARAMETROS, VALORES, FACTOR, UNIDAD) VALUES (13, 4, '7', '4', 58.04, 'soles');
INSERT INTO T_MAE_FACTOR_DATA (ID_FACTOR, ID_DETALLE, PARAMETROS, VALORES, FACTOR, UNIDAD) VALUES (13, 5, '7', '5', 62.38, 'soles');
INSERT INTO T_MAE_FACTOR_DATA (ID_FACTOR, ID_DETALLE, PARAMETROS, VALORES, FACTOR, UNIDAD) VALUES (13, 6, '7', '6', 61.04, 'soles');
INSERT INTO T_MAE_FACTOR_DATA (ID_FACTOR, ID_DETALLE, PARAMETROS, VALORES, FACTOR, UNIDAD) VALUES (13, 7, '7', '7', 53.28, 'soles');
INSERT INTO T_MAE_FACTOR_DATA (ID_FACTOR, ID_DETALLE, PARAMETROS, VALORES, FACTOR, UNIDAD) VALUES (13, 8, '7', '8', 62.38, 'soles');
INSERT INTO T_MAE_FACTOR_DATA (ID_FACTOR, ID_DETALLE, PARAMETROS, VALORES, FACTOR, UNIDAD) VALUES (13, 9, '7', '9', 62.38, 'soles');
INSERT INTO T_MAE_FACTOR_DATA (ID_FACTOR, ID_DETALLE, PARAMETROS, VALORES, FACTOR, UNIDAD) VALUES (13, 10, '7', '10', 62.38, 'soles');
INSERT INTO T_MAE_FACTOR_DATA (ID_FACTOR, ID_DETALLE, PARAMETROS, VALORES, FACTOR, UNIDAD) VALUES (13, 11, '7', '11', 57.84, 'soles');
INSERT INTO T_MAE_FACTOR_DATA (ID_FACTOR, ID_DETALLE, PARAMETROS, VALORES, FACTOR, UNIDAD) VALUES (13, 12, '7', '12', 62.38, 'soles');
INSERT INTO T_MAE_FACTOR_DATA (ID_FACTOR, ID_DETALLE, PARAMETROS, VALORES, FACTOR, UNIDAD) VALUES (13, 13, '7', '13', 61.26, 'soles');
INSERT INTO T_MAE_FACTOR_DATA (ID_FACTOR, ID_DETALLE, PARAMETROS, VALORES, FACTOR, UNIDAD) VALUES (13, 14, '7', '14', 57.6, 'soles');
INSERT INTO T_MAE_FACTOR_DATA (ID_FACTOR, ID_DETALLE, PARAMETROS, VALORES, FACTOR, UNIDAD) VALUES (13, 15, '7', '15', 53.28, 'soles');
INSERT INTO T_MAE_FACTOR_DATA (ID_FACTOR, ID_DETALLE, PARAMETROS, VALORES, FACTOR, UNIDAD) VALUES (13, 16, '7', '16', 54.41, 'soles');
INSERT INTO T_MAE_FACTOR_DATA (ID_FACTOR, ID_DETALLE, PARAMETROS, VALORES, FACTOR, UNIDAD) VALUES (13, 17, '7', '17', 51.26, 'soles');
INSERT INTO T_MAE_FACTOR_DATA (ID_FACTOR, ID_DETALLE, PARAMETROS, VALORES, FACTOR, UNIDAD) VALUES (13, 18, '7', '18', 62.38, 'soles');
INSERT INTO T_MAE_FACTOR_DATA (ID_FACTOR, ID_DETALLE, PARAMETROS, VALORES, FACTOR, UNIDAD) VALUES (13, 19, '7', '19', 62.38, 'soles');
INSERT INTO T_MAE_FACTOR_DATA (ID_FACTOR, ID_DETALLE, PARAMETROS, VALORES, FACTOR, UNIDAD) VALUES (13, 20, '7', '20', 58.52, 'soles');
INSERT INTO T_MAE_FACTOR_DATA (ID_FACTOR, ID_DETALLE, PARAMETROS, VALORES, FACTOR, UNIDAD) VALUES (13, 21, '7', '21', 63.05, 'soles');
INSERT INTO T_MAE_FACTOR_DATA (ID_FACTOR, ID_DETALLE, PARAMETROS, VALORES, FACTOR, UNIDAD) VALUES (13, 22, '7', '22', 62.38, 'soles');
INSERT INTO T_MAE_FACTOR_DATA (ID_FACTOR, ID_DETALLE, PARAMETROS, VALORES, FACTOR, UNIDAD) VALUES (13, 23, '7', '23', 62.38, 'soles');
INSERT INTO T_MAE_FACTOR_DATA (ID_FACTOR, ID_DETALLE, PARAMETROS, VALORES, FACTOR, UNIDAD) VALUES (13, 24, '7', '24', 62.38, 'soles');
INSERT INTO T_MAE_FACTOR_DATA (ID_FACTOR, ID_DETALLE, PARAMETROS, VALORES, FACTOR, UNIDAD) VALUES (13, 25, '7', '25', 59.4, 'soles');
INSERT INTO T_MAE_FACTOR_DATA (ID_FACTOR, ID_DETALLE, PARAMETROS, VALORES, FACTOR, UNIDAD) VALUES (13, 26, '7', '26', 62.38, 'soles');
INSERT INTO T_MAE_FACTOR_DATA (ID_FACTOR, ID_DETALLE, PARAMETROS, VALORES, FACTOR, UNIDAD) VALUES (13, 27, '7', '27', 62.38, 'soles');

INSERT INTO T_MAE_FACTOR_DATA (ID_FACTOR, ID_DETALLE, PARAMETROS, VALORES, FACTOR, UNIDAD) VALUES (14, 1, '8', '1', 47.060680761011, 'kgCO2/GJ');
INSERT INTO T_MAE_FACTOR_DATA (ID_FACTOR, ID_DETALLE, PARAMETROS, VALORES, FACTOR, UNIDAD) VALUES (14, 2, '8', '2', 56.126263346121, 'kgCO2/GJ');
INSERT INTO T_MAE_FACTOR_DATA (ID_FACTOR, ID_DETALLE, PARAMETROS, VALORES, FACTOR, UNIDAD) VALUES (14, 3, '8', '3', 56.126263346121, 'kgCO2/GJ');
INSERT INTO T_MAE_FACTOR_DATA (ID_FACTOR, ID_DETALLE, PARAMETROS, VALORES, FACTOR, UNIDAD) VALUES (14, 4, '8', '4', 56.126263346121, 'kgCO2/GJ');
INSERT INTO T_MAE_FACTOR_DATA (ID_FACTOR, ID_DETALLE, PARAMETROS, VALORES, FACTOR, UNIDAD) VALUES (14, 5, '8', '5', 74.1, 'kgCO2/GJ');
INSERT INTO T_MAE_FACTOR_DATA (ID_FACTOR, ID_DETALLE, PARAMETROS, VALORES, FACTOR, UNIDAD) VALUES (14, 6, '8', '6', 56.126263346121, 'kgCO2/GJ');
INSERT INTO T_MAE_FACTOR_DATA (ID_FACTOR, ID_DETALLE, PARAMETROS, VALORES, FACTOR, UNIDAD) VALUES (14, 7, '8', '7', 63.1, 'kgCO2/GJ');
INSERT INTO T_MAE_FACTOR_DATA (ID_FACTOR, ID_DETALLE, PARAMETROS, VALORES, FACTOR, UNIDAD) VALUES (14, 8, '8', '8', 69.3, 'kgCO2/GJ');

INSERT INTO T_MAE_FACTOR_DATA (ID_FACTOR, ID_DETALLE, PARAMETROS, VALORES, FACTOR, UNIDAD) VALUES (15, 1, '8', '1', 8.3, 'km/kWh');
INSERT INTO T_MAE_FACTOR_DATA (ID_FACTOR, ID_DETALLE, PARAMETROS, VALORES, FACTOR, UNIDAD) VALUES (15, 2, '8', '2', 31, 'km/GJ');
INSERT INTO T_MAE_FACTOR_DATA (ID_FACTOR, ID_DETALLE, PARAMETROS, VALORES, FACTOR, UNIDAD) VALUES (15, 3, '8', '3', 45, 'km/GJ');
INSERT INTO T_MAE_FACTOR_DATA (ID_FACTOR, ID_DETALLE, PARAMETROS, VALORES, FACTOR, UNIDAD) VALUES (15, 4, '8', '4', 45, 'km/GJ');
INSERT INTO T_MAE_FACTOR_DATA (ID_FACTOR, ID_DETALLE, PARAMETROS, VALORES, FACTOR, UNIDAD) VALUES (15, 5, '8', '5', 120, 'km/GJ');
INSERT INTO T_MAE_FACTOR_DATA (ID_FACTOR, ID_DETALLE, PARAMETROS, VALORES, FACTOR, UNIDAD) VALUES (15, 6, '8', '6', 76, 'km/GJ');
INSERT INTO T_MAE_FACTOR_DATA (ID_FACTOR, ID_DETALLE, PARAMETROS, VALORES, FACTOR, UNIDAD) VALUES (15, 7, '8', '7', 369, 'km/GJ');
INSERT INTO T_MAE_FACTOR_DATA (ID_FACTOR, ID_DETALLE, PARAMETROS, VALORES, FACTOR, UNIDAD) VALUES (15, 8, '8', '8', 679, 'km/GJ');

INSERT INTO T_MAE_FACTOR_DATA (ID_FACTOR, ID_DETALLE, PARAMETROS, VALORES, FACTOR, UNIDAD) VALUES (16, 1, '8', '1', 2305.55555555556, 'km/persona/GJ');
INSERT INTO T_MAE_FACTOR_DATA (ID_FACTOR, ID_DETALLE, PARAMETROS, VALORES, FACTOR, UNIDAD) VALUES (16, 2, '8', '2', 3720, 'km/persona/GJ');
INSERT INTO T_MAE_FACTOR_DATA (ID_FACTOR, ID_DETALLE, PARAMETROS, VALORES, FACTOR, UNIDAD) VALUES (16, 3, '8', '3', 3600, 'km/persona/GJ');
INSERT INTO T_MAE_FACTOR_DATA (ID_FACTOR, ID_DETALLE, PARAMETROS, VALORES, FACTOR, UNIDAD) VALUES (16, 4, '8', '4', 3600, 'km/persona/GJ');
INSERT INTO T_MAE_FACTOR_DATA (ID_FACTOR, ID_DETALLE, PARAMETROS, VALORES, FACTOR, UNIDAD) VALUES (16, 5, '8', '5', 6000, 'km/persona/GJ');
INSERT INTO T_MAE_FACTOR_DATA (ID_FACTOR, ID_DETALLE, PARAMETROS, VALORES, FACTOR, UNIDAD) VALUES (16, 6, '8', '6', 1140, 'km/persona/GJ');
INSERT INTO T_MAE_FACTOR_DATA (ID_FACTOR, ID_DETALLE, PARAMETROS, VALORES, FACTOR, UNIDAD) VALUES (16, 7, '8', '7', 369, 'km/persona/GJ');
INSERT INTO T_MAE_FACTOR_DATA (ID_FACTOR, ID_DETALLE, PARAMETROS, VALORES, FACTOR, UNIDAD) VALUES (16, 8, '8', '8', 679, 'km/persona/GJ');

INSERT INTO T_MAE_FACTOR_DATA (ID_FACTOR, ID_DETALLE, PARAMETROS, VALORES, FACTOR, UNIDAD) VALUES (17, 1, '2', '1', 366.501301131186, 'km/GJ');
INSERT INTO T_MAE_FACTOR_DATA (ID_FACTOR, ID_DETALLE, PARAMETROS, VALORES, FACTOR, UNIDAD) VALUES (17, 2, '2', '2', 329.851171018067, 'km/GJ');
INSERT INTO T_MAE_FACTOR_DATA (ID_FACTOR, ID_DETALLE, PARAMETROS, VALORES, FACTOR, UNIDAD) VALUES (17, 3, '2', '3', 314.842324247418, 'km/GJ');
INSERT INTO T_MAE_FACTOR_DATA (ID_FACTOR, ID_DETALLE, PARAMETROS, VALORES, FACTOR, UNIDAD) VALUES (17, 4, '2', '4', 369.006526169381, 'km/GJ');

INSERT INTO T_MAE_FACTOR_DATA (ID_FACTOR, ID_DETALLE, PARAMETROS, VALORES, FACTOR, UNIDAD) VALUES (18, 1, '1|2', '1|1', 0.0671, 'g/km');
INSERT INTO T_MAE_FACTOR_DATA (ID_FACTOR, ID_DETALLE, PARAMETROS, VALORES, FACTOR, UNIDAD) VALUES (18, 2, '1|2', '1|2', 0.0732, 'g/km');
INSERT INTO T_MAE_FACTOR_DATA (ID_FACTOR, ID_DETALLE, PARAMETROS, VALORES, FACTOR, UNIDAD) VALUES (18, 3, '1|2', '1|3', 0.056, 'g/km');
INSERT INTO T_MAE_FACTOR_DATA (ID_FACTOR, ID_DETALLE, PARAMETROS, VALORES, FACTOR, UNIDAD) VALUES (18, 4, '1|2', '1|4', 0.056, 'g/km');
INSERT INTO T_MAE_FACTOR_DATA (ID_FACTOR, ID_DETALLE, PARAMETROS, VALORES, FACTOR, UNIDAD) VALUES (18, 5, '1|2', '2|1', 0.0671, 'g/km');
INSERT INTO T_MAE_FACTOR_DATA (ID_FACTOR, ID_DETALLE, PARAMETROS, VALORES, FACTOR, UNIDAD) VALUES (18, 6, '1|2', '2|2', 0.08052, 'g/km');
INSERT INTO T_MAE_FACTOR_DATA (ID_FACTOR, ID_DETALLE, PARAMETROS, VALORES, FACTOR, UNIDAD) VALUES (18, 7, '1|2', '2|3', 0.0616, 'g/km');
INSERT INTO T_MAE_FACTOR_DATA (ID_FACTOR, ID_DETALLE, PARAMETROS, VALORES, FACTOR, UNIDAD) VALUES (18, 8, '1|2', '2|4', 0.0616, 'g/km');
INSERT INTO T_MAE_FACTOR_DATA (ID_FACTOR, ID_DETALLE, PARAMETROS, VALORES, FACTOR, UNIDAD) VALUES (18, 9, '1|2', '3|1', 0.067, 'g/km');
INSERT INTO T_MAE_FACTOR_DATA (ID_FACTOR, ID_DETALLE, PARAMETROS, VALORES, FACTOR, UNIDAD) VALUES (18, 10, '1|2', '3|2', 0.0804, 'g/km');
INSERT INTO T_MAE_FACTOR_DATA (ID_FACTOR, ID_DETALLE, PARAMETROS, VALORES, FACTOR, UNIDAD) VALUES (18, 11, '1|2', '3|3', 0.014, 'g/km');
INSERT INTO T_MAE_FACTOR_DATA (ID_FACTOR, ID_DETALLE, PARAMETROS, VALORES, FACTOR, UNIDAD) VALUES (18, 12, '1|2', '3|4', 0.014, 'g/km');
INSERT INTO T_MAE_FACTOR_DATA (ID_FACTOR, ID_DETALLE, PARAMETROS, VALORES, FACTOR, UNIDAD) VALUES (18, 13, '1|2', '4|1', 0.0737, 'g/km');
INSERT INTO T_MAE_FACTOR_DATA (ID_FACTOR, ID_DETALLE, PARAMETROS, VALORES, FACTOR, UNIDAD) VALUES (18, 14, '1|2', '4|2', 0.08844, 'g/km');
INSERT INTO T_MAE_FACTOR_DATA (ID_FACTOR, ID_DETALLE, PARAMETROS, VALORES, FACTOR, UNIDAD) VALUES (18, 15, '1|2', '4|3', 0.0154, 'g/km');
INSERT INTO T_MAE_FACTOR_DATA (ID_FACTOR, ID_DETALLE, PARAMETROS, VALORES, FACTOR, UNIDAD) VALUES (18, 16, '1|2', '4|4', 0.0154, 'g/km');

INSERT INTO T_MAE_FACTOR_DATA (ID_FACTOR, ID_DETALLE, PARAMETROS, VALORES, FACTOR, UNIDAD) VALUES (19, 1, '1|2', '1|1', 0.069, 'g/km');
INSERT INTO T_MAE_FACTOR_DATA (ID_FACTOR, ID_DETALLE, PARAMETROS, VALORES, FACTOR, UNIDAD) VALUES (19, 2, '1|2', '1|2', 0.828, 'g/km');
INSERT INTO T_MAE_FACTOR_DATA (ID_FACTOR, ID_DETALLE, PARAMETROS, VALORES, FACTOR, UNIDAD) VALUES (19, 3, '1|2', '1|3', 0.616, 'g/km');
INSERT INTO T_MAE_FACTOR_DATA (ID_FACTOR, ID_DETALLE, PARAMETROS, VALORES, FACTOR, UNIDAD) VALUES (19, 4, '1|2', '1|4', 0.62, 'g/km');
INSERT INTO T_MAE_FACTOR_DATA (ID_FACTOR, ID_DETALLE, PARAMETROS, VALORES, FACTOR, UNIDAD) VALUES (19, 5, '1|2', '2|1', 0.759, 'g/km');
INSERT INTO T_MAE_FACTOR_DATA (ID_FACTOR, ID_DETALLE, PARAMETROS, VALORES, FACTOR, UNIDAD) VALUES (19, 6, '1|2', '2|2', 0.9108, 'g/km');
INSERT INTO T_MAE_FACTOR_DATA (ID_FACTOR, ID_DETALLE, PARAMETROS, VALORES, FACTOR, UNIDAD) VALUES (19, 7, '1|2', '2|3', 0.6776, 'g/km');
INSERT INTO T_MAE_FACTOR_DATA (ID_FACTOR, ID_DETALLE, PARAMETROS, VALORES, FACTOR, UNIDAD) VALUES (19, 8, '1|2', '2|4', 0.682, 'g/km');
INSERT INTO T_MAE_FACTOR_DATA (ID_FACTOR, ID_DETALLE, PARAMETROS, VALORES, FACTOR, UNIDAD) VALUES (19, 9, '1|2', '3|1', 2.73, 'g/km');
INSERT INTO T_MAE_FACTOR_DATA (ID_FACTOR, ID_DETALLE, PARAMETROS, VALORES, FACTOR, UNIDAD) VALUES (19, 10, '1|2', '3|2', 3.276, 'g/km');
INSERT INTO T_MAE_FACTOR_DATA (ID_FACTOR, ID_DETALLE, PARAMETROS, VALORES, FACTOR, UNIDAD) VALUES (19, 11, '1|2', '3|3', 0.0155, 'g/km');
INSERT INTO T_MAE_FACTOR_DATA (ID_FACTOR, ID_DETALLE, PARAMETROS, VALORES, FACTOR, UNIDAD) VALUES (19, 12, '1|2', '3|4', 0.0155, 'g/km');
INSERT INTO T_MAE_FACTOR_DATA (ID_FACTOR, ID_DETALLE, PARAMETROS, VALORES, FACTOR, UNIDAD) VALUES (19, 13, '1|2', '4|1', 3.003, 'g/km');
INSERT INTO T_MAE_FACTOR_DATA (ID_FACTOR, ID_DETALLE, PARAMETROS, VALORES, FACTOR, UNIDAD) VALUES (19, 14, '1|2', '4|2', 3.6036, 'g/km');
INSERT INTO T_MAE_FACTOR_DATA (ID_FACTOR, ID_DETALLE, PARAMETROS, VALORES, FACTOR, UNIDAD) VALUES (19, 15, '1|2', '4|3', 0.1705, 'g/km');
INSERT INTO T_MAE_FACTOR_DATA (ID_FACTOR, ID_DETALLE, PARAMETROS, VALORES, FACTOR, UNIDAD) VALUES (19, 16, '1|2', '4|4', 0.1705, 'g/km');

INSERT INTO T_MAE_FACTOR_DATA (ID_FACTOR, ID_DETALLE, PARAMETROS, VALORES, FACTOR, UNIDAD) VALUES (20, 1, '1|2', '1|1', 0.0011, 'g/km');
INSERT INTO T_MAE_FACTOR_DATA (ID_FACTOR, ID_DETALLE, PARAMETROS, VALORES, FACTOR, UNIDAD) VALUES (20, 2, '1|2', '1|2', 0.00132, 'g/km');
INSERT INTO T_MAE_FACTOR_DATA (ID_FACTOR, ID_DETALLE, PARAMETROS, VALORES, FACTOR, UNIDAD) VALUES (20, 3, '1|2', '1|3', 0.0011, 'g/km');
INSERT INTO T_MAE_FACTOR_DATA (ID_FACTOR, ID_DETALLE, PARAMETROS, VALORES, FACTOR, UNIDAD) VALUES (20, 4, '1|2', '1|4', 0.0011, 'g/km');
INSERT INTO T_MAE_FACTOR_DATA (ID_FACTOR, ID_DETALLE, PARAMETROS, VALORES, FACTOR, UNIDAD) VALUES (20, 5, '1|2', '2|1', 0.00121, 'g/km');
INSERT INTO T_MAE_FACTOR_DATA (ID_FACTOR, ID_DETALLE, PARAMETROS, VALORES, FACTOR, UNIDAD) VALUES (20, 6, '1|2', '2|2', 0.001452, 'g/km');
INSERT INTO T_MAE_FACTOR_DATA (ID_FACTOR, ID_DETALLE, PARAMETROS, VALORES, FACTOR, UNIDAD) VALUES (20, 7, '1|2', '2|3', 0.00121, 'g/km');
INSERT INTO T_MAE_FACTOR_DATA (ID_FACTOR, ID_DETALLE, PARAMETROS, VALORES, FACTOR, UNIDAD) VALUES (20, 8, '1|2', '2|4', 0.00121, 'g/km');
INSERT INTO T_MAE_FACTOR_DATA (ID_FACTOR, ID_DETALLE, PARAMETROS, VALORES, FACTOR, UNIDAD) VALUES (20, 9, '1|2', '3|1', 0.018, 'g/km');
INSERT INTO T_MAE_FACTOR_DATA (ID_FACTOR, ID_DETALLE, PARAMETROS, VALORES, FACTOR, UNIDAD) VALUES (20, 10, '1|2', '3|2', 0.0216, 'g/km');
INSERT INTO T_MAE_FACTOR_DATA (ID_FACTOR, ID_DETALLE, PARAMETROS, VALORES, FACTOR, UNIDAD) VALUES (20, 11, '1|2', '3|3', 0.000275, 'g/km');
INSERT INTO T_MAE_FACTOR_DATA (ID_FACTOR, ID_DETALLE, PARAMETROS, VALORES, FACTOR, UNIDAD) VALUES (20, 12, '1|2', '3|4', 0.000275, 'g/km');
INSERT INTO T_MAE_FACTOR_DATA (ID_FACTOR, ID_DETALLE, PARAMETROS, VALORES, FACTOR, UNIDAD) VALUES (20, 13, '1|2', '4|1', 0.0198, 'g/km');
INSERT INTO T_MAE_FACTOR_DATA (ID_FACTOR, ID_DETALLE, PARAMETROS, VALORES, FACTOR, UNIDAD) VALUES (20, 14, '1|2', '4|2', 0.02376, 'g/km');
INSERT INTO T_MAE_FACTOR_DATA (ID_FACTOR, ID_DETALLE, PARAMETROS, VALORES, FACTOR, UNIDAD) VALUES (20, 15, '1|2', '4|3', 0.0003025, 'g/km');
INSERT INTO T_MAE_FACTOR_DATA (ID_FACTOR, ID_DETALLE, PARAMETROS, VALORES, FACTOR, UNIDAD) VALUES (20, 16, '1|2', '4|4', 0.0003025, 'g/km');

INSERT INTO T_MAE_FACTOR_DATA (ID_FACTOR, ID_DETALLE, PARAMETROS, VALORES, FACTOR, UNIDAD) VALUES (21, 1, '1|2', '1|1', 0.000132, 'g/km');
INSERT INTO T_MAE_FACTOR_DATA (ID_FACTOR, ID_DETALLE, PARAMETROS, VALORES, FACTOR, UNIDAD) VALUES (21, 2, '1|2', '1|2', 0.0001584, 'g/km');
INSERT INTO T_MAE_FACTOR_DATA (ID_FACTOR, ID_DETALLE, PARAMETROS, VALORES, FACTOR, UNIDAD) VALUES (21, 3, '1|2', '1|3', 0.0001188, 'g/km');
INSERT INTO T_MAE_FACTOR_DATA (ID_FACTOR, ID_DETALLE, PARAMETROS, VALORES, FACTOR, UNIDAD) VALUES (21, 4, '1|2', '1|4', 0.0001188, 'g/km');
INSERT INTO T_MAE_FACTOR_DATA (ID_FACTOR, ID_DETALLE, PARAMETROS, VALORES, FACTOR, UNIDAD) VALUES (21, 5, '1|2', '2|1', 0.0001452, 'g/km');
INSERT INTO T_MAE_FACTOR_DATA (ID_FACTOR, ID_DETALLE, PARAMETROS, VALORES, FACTOR, UNIDAD) VALUES (21, 6, '1|2', '2|2', 0.00017424, 'g/km');
INSERT INTO T_MAE_FACTOR_DATA (ID_FACTOR, ID_DETALLE, PARAMETROS, VALORES, FACTOR, UNIDAD) VALUES (21, 7, '1|2', '2|3', 0.00013068, 'g/km');
INSERT INTO T_MAE_FACTOR_DATA (ID_FACTOR, ID_DETALLE, PARAMETROS, VALORES, FACTOR, UNIDAD) VALUES (21, 8, '1|2', '2|4', 0.00013068, 'g/km');
INSERT INTO T_MAE_FACTOR_DATA (ID_FACTOR, ID_DETALLE, PARAMETROS, VALORES, FACTOR, UNIDAD) VALUES (21, 9, '1|2', '3|1', 0.0009, 'g/km');
INSERT INTO T_MAE_FACTOR_DATA (ID_FACTOR, ID_DETALLE, PARAMETROS, VALORES, FACTOR, UNIDAD) VALUES (21, 10, '1|2', '3|2', 0.00108, 'g/km');
INSERT INTO T_MAE_FACTOR_DATA (ID_FACTOR, ID_DETALLE, PARAMETROS, VALORES, FACTOR, UNIDAD) VALUES (21, 11, '1|2', '3|3', 0.00001375, 'g/km');
INSERT INTO T_MAE_FACTOR_DATA (ID_FACTOR, ID_DETALLE, PARAMETROS, VALORES, FACTOR, UNIDAD) VALUES (21, 12, '1|2', '3|4', 0.00001375, 'g/km');
INSERT INTO T_MAE_FACTOR_DATA (ID_FACTOR, ID_DETALLE, PARAMETROS, VALORES, FACTOR, UNIDAD) VALUES (21, 13, '1|2', '4|1', 0.00099, 'g/km');
INSERT INTO T_MAE_FACTOR_DATA (ID_FACTOR, ID_DETALLE, PARAMETROS, VALORES, FACTOR, UNIDAD) VALUES (21, 14, '1|2', '4|2', 0.001188, 'g/km');
INSERT INTO T_MAE_FACTOR_DATA (ID_FACTOR, ID_DETALLE, PARAMETROS, VALORES, FACTOR, UNIDAD) VALUES (21, 15, '1|2', '4|3', 0.00001513, 'g/km');
INSERT INTO T_MAE_FACTOR_DATA (ID_FACTOR, ID_DETALLE, PARAMETROS, VALORES, FACTOR, UNIDAD) VALUES (21, 16, '1|2', '4|4', 0.00001513, 'g/km');

INSERT INTO T_MAE_FACTOR_DATA (ID_FACTOR, ID_DETALLE, PARAMETROS, VALORES, FACTOR, UNIDAD) VALUES (22, 1, '8', '1', 0, 'g/persona/km');
INSERT INTO T_MAE_FACTOR_DATA (ID_FACTOR, ID_DETALLE, PARAMETROS, VALORES, FACTOR, UNIDAD) VALUES (22, 2, '8', '2', 0.020833333333, 'g/persona/km');
INSERT INTO T_MAE_FACTOR_DATA (ID_FACTOR, ID_DETALLE, PARAMETROS, VALORES, FACTOR, UNIDAD) VALUES (22, 3, '8', '3', 0.03125, 'g/persona/km');
INSERT INTO T_MAE_FACTOR_DATA (ID_FACTOR, ID_DETALLE, PARAMETROS, VALORES, FACTOR, UNIDAD) VALUES (22, 4, '8', '4', 0.03125, 'g/persona/km');
INSERT INTO T_MAE_FACTOR_DATA (ID_FACTOR, ID_DETALLE, PARAMETROS, VALORES, FACTOR, UNIDAD) VALUES (22, 5, '8', '5', 0.1084, 'g/persona/km');
INSERT INTO T_MAE_FACTOR_DATA (ID_FACTOR, ID_DETALLE, PARAMETROS, VALORES, FACTOR, UNIDAD) VALUES (22, 6, '8', '6', 0.166666666666, 'g/persona/km');
INSERT INTO T_MAE_FACTOR_DATA (ID_FACTOR, ID_DETALLE, PARAMETROS, VALORES, FACTOR, UNIDAD) VALUES (22, 7, '8', '7', 0.056, 'g/persona/km');
INSERT INTO T_MAE_FACTOR_DATA (ID_FACTOR, ID_DETALLE, PARAMETROS, VALORES, FACTOR, UNIDAD) VALUES (22, 8, '8', '8', 0.0737, 'g/persona/km');

INSERT INTO T_MAE_FACTOR_DATA (ID_FACTOR, ID_DETALLE, PARAMETROS, VALORES, FACTOR, UNIDAD) VALUES (23, 1, '8', '1', 0, 'g/persona/km');
INSERT INTO T_MAE_FACTOR_DATA (ID_FACTOR, ID_DETALLE, PARAMETROS, VALORES, FACTOR, UNIDAD) VALUES (23, 2, '8', '2', 0.008333333333, 'g/persona/km');
INSERT INTO T_MAE_FACTOR_DATA (ID_FACTOR, ID_DETALLE, PARAMETROS, VALORES, FACTOR, UNIDAD) VALUES (23, 3, '8', '3', 0.0125, 'g/persona/km');
INSERT INTO T_MAE_FACTOR_DATA (ID_FACTOR, ID_DETALLE, PARAMETROS, VALORES, FACTOR, UNIDAD) VALUES (23, 4, '8', '4', 0.023125, 'g/persona/km');
INSERT INTO T_MAE_FACTOR_DATA (ID_FACTOR, ID_DETALLE, PARAMETROS, VALORES, FACTOR, UNIDAD) VALUES (23, 5, '8', '5', 0.02, 'g/persona/km');
INSERT INTO T_MAE_FACTOR_DATA (ID_FACTOR, ID_DETALLE, PARAMETROS, VALORES, FACTOR, UNIDAD) VALUES (23, 6, '8', '6', 0.066666666666, 'g/persona/km');
INSERT INTO T_MAE_FACTOR_DATA (ID_FACTOR, ID_DETALLE, PARAMETROS, VALORES, FACTOR, UNIDAD) VALUES (23, 7, '8', '7', 0.62, 'g/persona/km');
INSERT INTO T_MAE_FACTOR_DATA (ID_FACTOR, ID_DETALLE, PARAMETROS, VALORES, FACTOR, UNIDAD) VALUES (23, 8, '8', '8', 3.003, 'g/persona/km');

INSERT INTO T_MAE_FACTOR_DATA (ID_FACTOR, ID_DETALLE, PARAMETROS, VALORES, FACTOR, UNIDAD) VALUES (24, 1, '8', '1', 0, 'g/persona/km');
INSERT INTO T_MAE_FACTOR_DATA (ID_FACTOR, ID_DETALLE, PARAMETROS, VALORES, FACTOR, UNIDAD) VALUES (24, 2, '8', '2', 0.000166666666, 'g/persona/km');
INSERT INTO T_MAE_FACTOR_DATA (ID_FACTOR, ID_DETALLE, PARAMETROS, VALORES, FACTOR, UNIDAD) VALUES (24, 3, '8', '3', 0.00025, 'g/persona/km');
INSERT INTO T_MAE_FACTOR_DATA (ID_FACTOR, ID_DETALLE, PARAMETROS, VALORES, FACTOR, UNIDAD) VALUES (24, 4, '8', '4', 0.0025875, 'g/persona/km');
INSERT INTO T_MAE_FACTOR_DATA (ID_FACTOR, ID_DETALLE, PARAMETROS, VALORES, FACTOR, UNIDAD) VALUES (24, 5, '8', '5', 0.0004, 'g/persona/km');
INSERT INTO T_MAE_FACTOR_DATA (ID_FACTOR, ID_DETALLE, PARAMETROS, VALORES, FACTOR, UNIDAD) VALUES (24, 6, '8', '6', 0.0138, 'g/persona/km');
INSERT INTO T_MAE_FACTOR_DATA (ID_FACTOR, ID_DETALLE, PARAMETROS, VALORES, FACTOR, UNIDAD) VALUES (24, 7, '8', '7', 0.0011, 'g/persona/km');
INSERT INTO T_MAE_FACTOR_DATA (ID_FACTOR, ID_DETALLE, PARAMETROS, VALORES, FACTOR, UNIDAD) VALUES (24, 8, '8', '8', 0.0198, 'g/persona/km');

INSERT INTO T_MAE_FACTOR_DATA (ID_FACTOR, ID_DETALLE, PARAMETROS, VALORES, FACTOR, UNIDAD) VALUES (25, 1, '8', '1', 0, 'g/persona/km');
INSERT INTO T_MAE_FACTOR_DATA (ID_FACTOR, ID_DETALLE, PARAMETROS, VALORES, FACTOR, UNIDAD) VALUES (25, 2, '8', '2', 0.00091425, 'g/persona/km');
INSERT INTO T_MAE_FACTOR_DATA (ID_FACTOR, ID_DETALLE, PARAMETROS, VALORES, FACTOR, UNIDAD) VALUES (25, 3, '8', '3', 0.001371375, 'g/persona/km');
INSERT INTO T_MAE_FACTOR_DATA (ID_FACTOR, ID_DETALLE, PARAMETROS, VALORES, FACTOR, UNIDAD) VALUES (25, 4, '8', '4', 0.001371375, 'g/persona/km');
INSERT INTO T_MAE_FACTOR_DATA (ID_FACTOR, ID_DETALLE, PARAMETROS, VALORES, FACTOR, UNIDAD) VALUES (25, 5, '8', '5', 0.0021942, 'g/persona/km');
INSERT INTO T_MAE_FACTOR_DATA (ID_FACTOR, ID_DETALLE, PARAMETROS, VALORES, FACTOR, UNIDAD) VALUES (25, 6, '8', '6', 0.007314, 'g/persona/km');
INSERT INTO T_MAE_FACTOR_DATA (ID_FACTOR, ID_DETALLE, PARAMETROS, VALORES, FACTOR, UNIDAD) VALUES (25, 7, '8', '7', 0.10971, 'g/persona/km');
INSERT INTO T_MAE_FACTOR_DATA (ID_FACTOR, ID_DETALLE, PARAMETROS, VALORES, FACTOR, UNIDAD) VALUES (25, 8, '8', '8', 0.00099, 'g/persona/km');

--T_GENM_CASO_FACTOR

INSERT INTO T_GENM_CASO_FACTOR (ID_CASO, ID_FACTOR) VALUES (1, 1);
INSERT INTO T_GENM_CASO_FACTOR (ID_CASO, ID_FACTOR) VALUES (1, 2);
INSERT INTO T_GENM_CASO_FACTOR (ID_CASO, ID_FACTOR) VALUES (1, 3);
INSERT INTO T_GENM_CASO_FACTOR (ID_CASO, ID_FACTOR) VALUES (1, 17);
INSERT INTO T_GENM_CASO_FACTOR (ID_CASO, ID_FACTOR) VALUES (2, 1);
INSERT INTO T_GENM_CASO_FACTOR (ID_CASO, ID_FACTOR) VALUES (2, 2);
INSERT INTO T_GENM_CASO_FACTOR (ID_CASO, ID_FACTOR) VALUES (2, 3);
INSERT INTO T_GENM_CASO_FACTOR (ID_CASO, ID_FACTOR) VALUES (2, 4);
INSERT INTO T_GENM_CASO_FACTOR (ID_CASO, ID_FACTOR) VALUES (3, 14);
INSERT INTO T_GENM_CASO_FACTOR (ID_CASO, ID_FACTOR) VALUES (3, 15);
INSERT INTO T_GENM_CASO_FACTOR (ID_CASO, ID_FACTOR) VALUES (3, 16);
INSERT INTO T_GENM_CASO_FACTOR (ID_CASO, ID_FACTOR) VALUES (4, 5);
INSERT INTO T_GENM_CASO_FACTOR (ID_CASO, ID_FACTOR) VALUES (4, 6);
INSERT INTO T_GENM_CASO_FACTOR (ID_CASO, ID_FACTOR) VALUES (4, 7);
INSERT INTO T_GENM_CASO_FACTOR (ID_CASO, ID_FACTOR) VALUES (4, 8);
INSERT INTO T_GENM_CASO_FACTOR (ID_CASO, ID_FACTOR) VALUES (4, 9);
INSERT INTO T_GENM_CASO_FACTOR (ID_CASO, ID_FACTOR) VALUES (4, 10);
INSERT INTO T_GENM_CASO_FACTOR (ID_CASO, ID_FACTOR) VALUES (4, 11);
INSERT INTO T_GENM_CASO_FACTOR (ID_CASO, ID_FACTOR) VALUES (4, 12);
INSERT INTO T_GENM_CASO_FACTOR (ID_CASO, ID_FACTOR) VALUES (4, 13);

--T_MAE_DEPARTAMENTO
INSERT INTO T_MAE_DEPARTAMENTO (ID_DEPARTAMENTO, NOMBRE) VALUES (1, 'Amazonas');
INSERT INTO T_MAE_DEPARTAMENTO (ID_DEPARTAMENTO, NOMBRE) VALUES (2, 'Ancash');
INSERT INTO T_MAE_DEPARTAMENTO (ID_DEPARTAMENTO, NOMBRE) VALUES (3, 'Apurímac');
INSERT INTO T_MAE_DEPARTAMENTO (ID_DEPARTAMENTO, NOMBRE) VALUES (4, 'Arequipa');
INSERT INTO T_MAE_DEPARTAMENTO (ID_DEPARTAMENTO, NOMBRE) VALUES (5, 'Ayacucho');
INSERT INTO T_MAE_DEPARTAMENTO (ID_DEPARTAMENTO, NOMBRE) VALUES (6, 'Cajamarca');
INSERT INTO T_MAE_DEPARTAMENTO (ID_DEPARTAMENTO, NOMBRE) VALUES (7, 'Callao Provincia');
INSERT INTO T_MAE_DEPARTAMENTO (ID_DEPARTAMENTO, NOMBRE) VALUES (8, 'Cuzco');
INSERT INTO T_MAE_DEPARTAMENTO (ID_DEPARTAMENTO, NOMBRE) VALUES (9, 'Huancavelica');
INSERT INTO T_MAE_DEPARTAMENTO (ID_DEPARTAMENTO, NOMBRE) VALUES (10, 'Huánuco');
INSERT INTO T_MAE_DEPARTAMENTO (ID_DEPARTAMENTO, NOMBRE) VALUES (11, 'Ica');
INSERT INTO T_MAE_DEPARTAMENTO (ID_DEPARTAMENTO, NOMBRE) VALUES (12, 'Junín');
INSERT INTO T_MAE_DEPARTAMENTO (ID_DEPARTAMENTO, NOMBRE) VALUES (13, 'La Libertad');
INSERT INTO T_MAE_DEPARTAMENTO (ID_DEPARTAMENTO, NOMBRE) VALUES (14, 'Lambayeque');
INSERT INTO T_MAE_DEPARTAMENTO (ID_DEPARTAMENTO, NOMBRE) VALUES (15, 'Lima Norte');
INSERT INTO T_MAE_DEPARTAMENTO (ID_DEPARTAMENTO, NOMBRE) VALUES (16, 'Lima Provincia');
INSERT INTO T_MAE_DEPARTAMENTO (ID_DEPARTAMENTO, NOMBRE) VALUES (17, 'Lima Sur');
INSERT INTO T_MAE_DEPARTAMENTO (ID_DEPARTAMENTO, NOMBRE) VALUES (18, 'Loreto');
INSERT INTO T_MAE_DEPARTAMENTO (ID_DEPARTAMENTO, NOMBRE) VALUES (19, 'Madre de Dios');
INSERT INTO T_MAE_DEPARTAMENTO (ID_DEPARTAMENTO, NOMBRE) VALUES (20, 'Moquegua');
INSERT INTO T_MAE_DEPARTAMENTO (ID_DEPARTAMENTO, NOMBRE) VALUES (21, 'Pasco');
INSERT INTO T_MAE_DEPARTAMENTO (ID_DEPARTAMENTO, NOMBRE) VALUES (22, 'Piura');
INSERT INTO T_MAE_DEPARTAMENTO (ID_DEPARTAMENTO, NOMBRE) VALUES (23, 'Puno');
INSERT INTO T_MAE_DEPARTAMENTO (ID_DEPARTAMENTO, NOMBRE) VALUES (24, 'San Martín');
INSERT INTO T_MAE_DEPARTAMENTO (ID_DEPARTAMENTO, NOMBRE) VALUES (25, 'Tacna');
INSERT INTO T_MAE_DEPARTAMENTO (ID_DEPARTAMENTO, NOMBRE) VALUES (26, 'Tumbes');
INSERT INTO T_MAE_DEPARTAMENTO (ID_DEPARTAMENTO, NOMBRE) VALUES (27, 'Ucayali');

commit;
--====================================================================
--DROP TABLE T_GEND_DOCUMENTO_ESTACION
--DROP TABLE T_GEND_IMAGEN_ESTACION
--DROP TABLE T_GENM_TIPO_TRANSPORTE
--DROP TABLE T_GENM_TIPO_VEHICULO_CONV
--DROP TABLE T_GENM_ESTACION
--DROP TABLE T_GENM_USUARIO
--DROP TABLE T_GENM_INSTITUCION
--DROP TABLE T_MAE_CASO
--DROP TABLE T_GENM_CASO_PARAMETRO
--DROP TABLE T_GENM_FORMULA
--DROP TABLE T_GENM_CARGADOR_POTENCIA
--DROP TABLE T_MAE_DEPARTAMENTO